smiles_std,FDA_APPROVED,CT_TOX
C1(C(C(C(C(C1Cl)Cl)Cl)Cl)Cl)Cl,1,0
[C@H]([C@@H]([C@@H](C(=O)[O-])O)O)([C@H](C(=O)[O-])O)O,1,0
C1=CC(=CC=C1C=CC2=C(C=C(C=C2)C(=[NH2+])N)O)C(=[NH2+])N,1,0
C1=CC(=CC=C1C(=[NH2+])N)OCCCCCOC2=CC=C(C=C2)C(=[NH2+])N,1,0
[N+](=O)([O-])[O-],1,0
N=O,1,0
[O-][99Tc](=O)(=O)=O,1,0
[O-]P(=O)([O-])F,1,0
[O-]S(=O)(=O)[O-],1,0
[O-]S(=O)(=S)[O-],1,0
[Se],0,1
C#CC1(CCCCC1)OC(=O)N,1,0
C#CC[NH2+][C@@H]1CCC2=CC=CC=C12,1,0
C#CCC(CC1=CN=C2C(=N1)C(=NC(=N2)N)N)C3=CC=C(C=C3)C(=O)N[C@@H](CCC(=O)[O-])C(=O)[O-],1,0
C#N,1,0
[C-]#N.[C-]#N.[C-]#N.[C-]#N.[C-]#N.[N-]=O.[Fe+4],1,0
C([C@@H]([C@@H]1C(=C(C(=O)O1)[O-])O)O)O,1,0
C([C@@H](C(=O)[O-])[NH3+])S,1,0
C([C@@H]1[C@@H]([C@@H]([C@H]([C@@H](O1)O[C@@H]2[C@H](O[C@@]([C@H]2O)(CO)O)CO)O)O)O)O,1,0
C([C@@H]1[C@H]([C@@H]([C@H]([C@@H](O1)O[C@]2([C@H]([C@@H]([C@H](O2)OS(=O)(=O)O[Al])OS(=O)(=O)O[Al])OS(=O)(=O)O[Al])COS(=O)(=O)O[Al])OS(=O)(=O)O[Al])OS(=O)(=O)O[Al])OS(=O)(=O)O[Al])OS(=O)(=O)O[Al].O.O.O.O.O.O.O.O.O.O.O.O.O.O.O.O,1,0
C([C@@H]1[C@H]([C@@H]([C@H]([C@H](O1)O)F)O)O)O,1,0
C([C@@H]1[C@H]([C@@H]([C@H]([C@H](O1)O[C@]2([C@H]([C@@H]([C@H](O2)CO)O)O)CO)O)O)O)O,1,0
C([C@@H]1[C@H]([C@@H]([C@H](C(=O)O1)O)O)O)O,1,0
C([C@H]([C@@H]([C@H](C=O)O)O)O)O,1,0
C([C@H]([C@H]([C@@H]([C@@H](CO)O)O)O)O)O,1,0
C([C@H]([C@H]([C@@H]([C@H](C(=O)[O-])O)O)O)O)O,1,0
C([C@H]([C@H]([C@@H]([C@H](CO)O)O)O)O)O,1,0
C(=[NH2+])(N)N,1,0
C(C(C(=O)[O-])O)(C(=O)[O-])O,1,0
C(C(C(=O)[O-])S)(C(=O)[O-])S,1,0
C(C(Cl)(Cl)Cl)OP(=O)([O-])[O-],1,0
C(C(CO)(CO)[NH3+])O,1,0
C(C(CO)O)O,1,0
C(C(CS)S)O,1,0
C(C(F)(F)F)(C(F)(F)F)(F)F,1,0
C(C(F)(F)F)(Cl)Br,1,0
C(C(F)(F)F)(OC(F)F)Cl,1,0
C(C(F)(F)F)(OC(F)F)F,1,0
C(=C(F)F)(F)F,1,0
C(C(=O)[O-])[NH3+],1,0
C(C(=O)[O-])C(CC(=O)[O-])(C(=O)[O-])O,1,0
C(C(OC(F)F)(F)F)(F)Cl,1,0
C(=C/C(=O)[O-])\C(=O)[O-],1,0
C(C[C@@H](C(=O)[O-])[NH3+])C[NH+]=C(N)N,1,0
C(C[NH2+]CCNCC[NH2+]CCN)N,1,0
C(C[NH3+])C(O)(P(=O)([O-])[O-])P(=O)([O-])[O-],1,0
C(C[NH3+])C[NH2+]CCSP(=O)([O-])[O-],1,0
C(CC(C(F)F)(C(=O)[O-])[NH3+])C[NH3+],1,0
C(CC(O)(P(=O)([O-])[O-])P(=O)([O-])[O-])C[NH3+],1,0
C(CC(=O)[O-])C(=O)[O-],1,0
C(CC(=O)[O-])C(=O)C[NH3+],1,0
C(CC(=O)[O-])CO,1,0
C(CC(=O)N)[C@@H](C(=O)[O-])[NH3+],1,0
C(CC(=O)N[C@@H](CSSC[C@@H](C(=O)NCC(=O)[O-])NC(=O)CC[C@@H](C(=O)[O-])[NH3+])C(=O)NCC(=O)[O-])[C@@H](C(=O)[O-])[NH3+],1,0
C(CCC(=O)[O-])CC[NH3+],1,0
C(CCCC(=O)[O-])CCCC(=O)[O-],1,0
C(CN(CC(=O)[O-])CC(=O)[O-])[NH+](CC(=O)[O-])CC(=O)[O-],1,0
C(CN(CC[NH+](CC(=O)[O-])CC(=O)[O-])CC(=O)[O-])[NH+](CC(=O)[O-])CC(=O)[O-],1,0
C(CNCC[NH2+]CCN)[NH3+],1,0
C(CO)N(C1=C(C(=C(C(=C1I)C(=O)NCC(CO)O)I)C(=O)NCC(CO)O)I)C(=O)CO,1,0
C(CS(=O)(=O)[O-])S,1,0
C(CS)[NH3+],1,0
C(=O)([O-])[O-],1,0
C(=O)([O-])P(=O)([O-])[O-],1,0
C(=O)(N)N,1,0
C(=O)(N)NO,1,0
C(OC(C(F)(F)F)C(F)(F)F)F,1,0
CN=C1CN(C(=C2C=C(C=CC2=N1)Cl)C3=CC=CC=C3)O,1,0
C/C=C(/C(=C/C)/C1=CC=C(C=C1)O)\C2=CC=C(C=C2)O,1,0
C/C=C/C1=C(N2[C@@H]([C@@H](C2=O)NC(=O)[C@@H](C3=CC=C(C=C3)O)[NH3+])SC1)C(=O)[O-],1,0
C/C=C\1/C(=O)N[C@H](C(=O)O[C@H]\2CC(=O)N[C@@H](C(=O)N[C@H](CSSCC/C=C2)C(=O)N1)C(C)C)C(C)C,1,0
C1(=C(N=C(C(=N1)Cl)N)N)C(=O)NC(=[NH2+])N,1,0
C1[C@@H]([C@@H]2[C@H](O1)[C@@H](CO2)O[N+](=O)[O-])O,1,0
C1[C@@H]([C@H]([C@@H]([C@H]([NH+]1CCO)CO)O)O)O,1,0
C1CC(CCC1C[NH3+])C(=O)[O-],1,0
C1[C@@H]2C[C@@H]2N([C@@H]1C#N)C(=O)[C@H](C34CC5CC(C3)CC(C5)(C4)O)[NH3+],1,0
C1[C@@H]2N(C1=O)[C@H](/C(=C/CO)/O2)C(=O)[O-],1,0
C1[C@H]([C@@H]2[C@H](O1)[C@H](CO2)O)O,1,0
C1[C@H]([C@@H]2[C@H](O1)[C@H](CO2)O[N+](=O)[O-])O[N+](=O)[O-],1,0
C1[C@H](C(=O)NO1)[NH3+],1,0
C1[C@H]2[C@@H]([C@@H](S1)CCCCC(=O)[O-])NC(=O)N2,1,0
C1C[C@@H](O[C@@H]1CO)N2C=NC3=C2N=CNC3=O,1,0
C1CCN(CC1)C2=NC(=N)N(C(=C2)N)O,1,0
C1C[C@H](N(C1)C(=O)[C@H](CC2=CN=CN2)NC(=O)[C@@H]3CCC(=O)N3)C(=O)N,1,0
C1=C(NC=N1)CC[NH3+],1,0
C1=NC(=O)NC(=C1F)N,1,0
C1=C(C(=C(C(=C1Cl)Cl)CC2=C(C(=CC(=C2Cl)Cl)Cl)O)O)Cl,1,0
C1=C(C(=C(C(=C1I)NC(=O)CCCCC(=O)NC2=C(C=C(C(=C2I)C(=O)[O-])I)I)I)C(=O)[O-])I,1,0
C1=C(C(=CC(=C1Cl)Cl)Cl)OCC#CI,1,0
C1CN2C(=NN=C2C(F)(F)F)CN1C(=O)C[C@@H](CC3=CC(=C(C=C3F)F)F)[NH3+],1,0
C1[C@H](O[C@H](S1)CO)N2C=C(C(=NC2=O)N)F,1,0
C1=C(C(=O)NC(=O)N1)N(CCCl)CCCl,1,0
C1[C@@H]([C@H](O[C@H]1N2C=C(C(=O)NC2=O)C(F)(F)F)CO)O,1,0
C1[C@@H]([C@H](O[C@H]1N2C=C(C(=O)NC2=O)F)CO)O,1,0
C1[C@@H]([C@H](O[C@H]1N2C=C(C(=O)NC2=O)I)CO)O,1,0
C1C[NH+]=C(N1)NC2=C(C=C(C=C2Cl)N)Cl,1,0
C1=C(C=C(C(=C1I)OC2=CC(=C(C(=C2)I)[O-])I)I)C[C@@H](C(=O)[O-])[NH3+],1,0
C1=C(C=C(C(=C1I)OC2=CC(=C(C(=C2)I)[O-])I)I)C[C@H](C(=O)[O-])[NH3+],1,0
C1=C(C=C(C(=C1NC(=O)C(=O)[O-])Cl)NC(=O)C(=O)[O-])C#N,1,0
C1=C(C=C(C(=C1S(=O)(=O)N)Cl)Cl)S(=O)(=O)N,1,0
C1C(N(C2=C(N1)N=C(NC2=O)N)C=O)CNC3=CC=C(C=C3)C(=O)N[C@@H](CCC(=O)[O-])C(=O)[O-].[Ca+2],0,1
C1C(N(C2=C(N1)N=C(NC2=O)N)C=O)CNC3=CC=C(C=C3)C(=O)N[C@@H](CCC(=O)O)C(=O)O,0,1
C1=C(N=C(S1)[NH+]=C(N)N)CSCCC(=NS(=O)(=O)N)N,1,0
C1C(O1)CCl,1,0
C1=NNC2=C1C(=O)NC=N2,1,0
C1=C2C(=C(C(=C1[131I])[O-])[131I])OC3=C(C(=C(C=C3C24C5=C(C(=C(C(=C5Cl)Cl)Cl)Cl)C(=O)O4)[131I])[O-])[131I],1,0
C1=C2C(=CC(=C1Cl)S(=O)(=O)N)S(=O)(=O)NC(N2)C(Cl)Cl,1,0
C1C2CC(C1C=C2)C3NC4=CC(=C(C=C4S(=O)(=O)N3)S(=O)(=O)N)Cl,1,0
C1NC2=CC(=C(C=C2S(=O)(=O)N1)S(=O)(=O)N)Cl,1,0
C1C2CC3CC1CC(C2)(C3)[NH3+],1,0
C1COCC2=C3C(=CN=C21)NC(=N3)C4=NOC=C4,1,0
C1=C[NH+]=CC=C1N,1,0
C1=C(NN=C1)CC[NH3+],1,0
C1=CC(=C(C(=C1)C(=O)C2=CC=C(C=C2)Br)N)CC(=O)[O-],1,0
C1=CC(=C(C(=C1)Cl)CC(=O)NC(=[NH2+])N)Cl,1,0
C1=CC(=C(C(=C1)Cl)Cl)C2=C(N=C(N=N2)N)N,1,0
C1CC(=O)NC2=C1C=CC(=C2)OCCCC[NH+]3CCN(CC3)C4=C(C(=CC=C4)Cl)Cl,1,0
C1C[NH+]=C(N1)NC2=C(C=CC=C2Cl)Cl,1,0
C1=CC(=C(C(=C1)Cl)SC(CCC2=CC=C(C=C2)Cl)CN3C=CN=C3)Cl,1,0
C1C2=C(C=CC(=C2Cl)Cl)NC3=[N+]1CC(=O)N3,1,0
C1C[NH+]=C(N1)NC2=C(C3=NC=CN=C3C=C2)Br,1,0
C1C[NH+]=C(N1)NC2=C(C=CC3=NSN=C32)Cl,1,0
C1=CC(=C(C=C1N=NC2=CC(=C(C=C2)[O-])C(=O)O)C(=O)O)[O-],1,0
C1=CC(=C(C=C1[C@H](C[NH3+])O)O)O,1,0
C1=CC(=C(C=C1[N+](=O)[O-])Cl)NC(=O)C2=C(C=CC(=C2)Cl)O,1,0
C1CC(=O)C(=C(C2=C(C=C(C=C2)C(F)(F)F)[N+](=O)[O-])[O-])C(=O)C1,1,0
C1CC1COC2=C(C=CC(=C2)C(=O)NC3=C(C=NC=C3Cl)Cl)OC(F)F,1,0
C1=CC(=C(C=C1C2=C(C=C(C=C2)F)F)C(=O)O)[O-],1,0
C1=CC(=C(C=C1C[C@@H](C(=O)[O-])[NH3+])O)O,1,0
C1=CC(=C(C=C1CC[NH3+])O)O,1,0
C1=CC(=C(C=C1Cl)Cl)C(CN2C=CN=C2)OCC3=C(SC=C3)Cl,1,0
C1=CC(=C(C=C1Cl)Cl)CO/N=C(/CN2C=CN=C2)\C3=C(C=C(C=C3)Cl)Cl,1,0
C1=CC(=C(C=C1Cl)Cl)COC(CN2C=CN=C2)C3=C(C=C(C=C3)Cl)Cl,1,0
C1=CC(=C(C=C1Cl)O)OC2=C(C=C(C=C2)Cl)Cl,1,0
C1=CC(=C(C=C1F)F)C(CN2C=NC=N2)(CN3C=NC=N3)O,1,0
C1[C@@H]2[C@@H](C2[NH3+])CN1C3=C(C=C4C(=O)C(=CN(C4=N3)C5=C(C=C(C=C5)F)F)C(=O)[O-])F,1,0
C1=CC(=C(C=C1N)C(=O)O)[O-],1,0
C1=CC(=C(C=C1N)[O-])C(=O)O,1,0
C1=CC(=C(C=C1OC2=C(C=C(C=C2I)C[C@@H](C(=O)[O-])[NH3+])I)I)O,1,0
C1CC[NH2+]C(C1)CNC(=O)C2=C(C=CC(=C2)OCC(F)(F)F)OCC(F)(F)F,1,0
C1CC(C1)(C(=O)O)C(=O)O.N.N.[Pt],0,1
C1CC1C[NH+]2CC[C@]34[C@@H]5C(=O)CC[C@]3([C@H]2CC6=C4C(=C(C=C6)O)O5)O,1,0
C1CC(C1)C[NH+]2CC[C@]34[C@@H]5[C@H](CC[C@]3([C@H]2CC6=C4C(=C(C=C6)O)O5)O)O,1,0
C1=CC(=CC(=C1)[131I])C[NH+]=C(N)N,1,0
C1C[NH2+]C[C@H]([C@@H]1C2=CC=C(C=C2)F)COC3=CC4=C(C=C3)OCO4,1,0
C1=CC(=CC=C1[C@H]([C@@H](CO)NC(=C(Cl)Cl)[O-])O)[N+](=O)[O-],1,0
C1=CC(=CC=C1[C@H]([C@@H](COC(=O)CCC(=O)[O-])NC(=C(Cl)Cl)[O-])O)[N+](=O)[O-],1,0
C1=CC(=CC=C1C#N)C(C2=CC=C(C=C2)C#N)N3C=NC=N3,1,1
C1=CC(=CC=C1C(CC(=O)[O-])C[NH3+])Cl,1,0
C1C[NH+](CCC1(C2=CC=C(C=C2)Cl)O)CCCC(=O)C3=CC=C(C=C3)F,1,0
C1[C@@H](N(C2=C(N1)N=C(NC2=O)N)C=O)CNC3=CC=C(C=C3)C(=O)N[C@@H](CCC(=O)[O-])C(=O)[O-],1,0
C1C(N(C2=C(N1)N=C(NC2=O)N)C=O)CNC3=CC=C(C=C3)C(=O)N[C@@H](CCC(=O)[O-])C(=O)[O-],1,0
C1=CC(=CC=C1C(=O)N[C@@H](CCC(=O)[O-])C(=O)[O-])NCC2=CN=C3C(=N2)C(=O)NC(=N3)N,1,0
C1=CC(=CC=C1C(=O)NCC(=O)[O-])N,1,0
C1=CC(=CC=C1C(=O)NCCC(=O)[O-])N=NC2=CC(=C(C=C2)[O-])C(=O)O,1,0
C1CC[NH+](CC1)CCOC2=CC=C(C=C2)C(=O)C3=C(SC4=C3C=CC(=C4)O)C5=CC=C(C=C5)O,1,0
C1C[NH2+]CC(C2=CC(=C(C(=C21)Cl)O)O)C3=CC=C(C=C3)O,1,0
C1=CC(=CC=C1C[C@@H](C(=O)[O-])[NH3+])N(CCCl)CCCl,1,0
C1=CC(=CC=C1C[C@@H](C(=O)[O-])[NH3+])O,1,0
C1C[NH2+]CCNCCC[NH+](CCNC1)CC2=CC=C(C=C2)C[NH+]3CCCNCC[NH2+]CCCNCC3,1,0
C1=CC(=CC=C1C[NH3+])S(=O)(=O)N,1,0
C1=CC(=CC=C1CCC2=CNC3=C2C(=O)NC(=N3)N)C(=O)N[C@@H](CCC(=O)[O-])C(=O)[O-],1,0
C1=CC(=CC=C1CCC2=CNC3=C2C(=O)NC(=N3)N)C(=O)N[C@@H](CCC(=O)O)C(=O)O,0,1
C1=CC(=CC=C1CCCC(=O)[O-])N(CCCl)CCCl,1,0
C1=CC(=CC=C1CCCC[NH2+]C[C@@H](C2=CC(=C(C=C2)O)O)O)O,1,0
C1=CC(=CC=C1COC(CN2C=CN=C2)C3=C(C=C(C=C3)Cl)Cl)Cl,1,0
C1=CC(=CC=C1CSC(CN2C=CN=C2)C3=C(C=C(C=C3)Cl)Cl)Cl,1,0
C1=CC(=CC=C1N)S(=O)(=O)C2=CC=C(C=C2)N,1,0
C1=CC(=CC=C1N)S(=O)(=O)N,1,0
C1COCC(=O)N1C2=CC=C(C=C2)N3C[C@@H](OC3=O)CNC(=O)C4=CC=C(S4)Cl,1,0
C1=CC(=CC=C1NC(=[NH+]C(=[NH+]CCCCCC[NH+]=C(N)[NH+]=C(N)NC2=CC=C(C=C2)Cl)N)N)Cl,1,0
C1=CC(=CC=C1O)O,1,0
C1=CC(=CC=C1OCC(COC(=O)N)O)Cl,1,0
C1=CC(=CC=C1SC(P(=O)([O-])[O-])P(=O)([O-])[O-])Cl,1,0
C1=CC(=CN=C1)C(=O)[O-],1,0
C1=CC(=CN=C1)C(=O)N,1,0
C1=CC(=CN=C1)CC(O)(P(=O)([O-])[O-])P(=O)([O-])[O-],1,0
C1CC(=O)NC(=O)C1N2C(=O)C3=C(C2=O)C(=CC=C3)N,0,1
C1CC(=O)NC2=C1C=CC(=C2)OCCCCN3CCN(CC3)C4=C(C(=CC=C4)Cl)Cl,0,1
C1=COC(=C1)CNC2=CC(=C(C=C2C(=O)[O-])S(=O)(=O)N)Cl,1,0
C1C(=O)NC(=O)N1/N=C/C2=CC=C(O2)[N+](=O)[O-],1,0
C1COC(=O)N1/N=C/C2=CC=C(O2)[N+](=O)[O-],1,0
C1=C(OC(=C1)[N+](=O)[O-])/C=N/NC(=O)N,1,0
C1CC(C1)(C(=O)O)C(=O)O.[Pt],1,0
C1=CC2=C(C(=C(C=C2Cl)Cl)O)N=C1,1,0
C1=CC2=C(C(=C(C=C2Cl)I)O)N=C1,1,0
C1CC[NH2+]C(C1)C(C2=CC(=NC3=C2C=CC=C3C(F)(F)F)C(F)(F)F)O,1,0
C1CC(CCC1C2=CC=C(C=C2)Cl)C3=C(C4=CC=CC=C4C(=O)C3=O)[O-],1,0
C1CN(CC[NH+]1CCCCC2=CNC3=C2C=C(C=C3)C#N)C4=CC5=C(C=C4)OC(=C5)C(=O)N,1,0
C1=CC2=C(C=C1Cl)NC(=O)O2,1,0
C1CC2=C(C=CC(=C2)F)OC1C(C[NH2+]CC(C3CCC4=C(O3)C=CC(=C4)F)O)O,1,0
C1=CC2=C(C=C1OC(F)(F)F)SC(=N2)N,1,0
C1CCC(CC1)N2C(=NN=N2)CCCCOC3=CC4=C(C=C3)NC(=O)CC4,1,0
C1=CC2=C(C(=C1)Cl)SC=C2COC(CN3C=CN=C3)C4=C(C=C(C=C4)Cl)Cl,1,0
C1CC2=C(C=CC(=C2)Cl)C(=C3CC[NH2+]CC3)C4=C1C=CC=N4,1,0
C1=CC2=C(C(=C1)O)N=CC=C2,1,0
C1CC[C@H]([C@@H](C1)[NH3+])N,1,0
C1=CC=C(C(=C1)C(C2=CC=C(C=C2)Cl)C(Cl)Cl)Cl,1,0
C1=CC=C(C(=C1)C(=O)NCCC[C@@H](C(=O)O)NC(=O)C2=CC=C(C=C2)NCC3=CN=C4C(=N3)C(=NC(=N4)N)N)C(=O)O,0,1
C1=CC=C(C(=C1)C2=NC(C(=O)NC3=C2C=C(C=C3)Cl)O)Cl,1,0
C1=CC=C(C(=C1)C2=NN(C(=N2)C3=CC=CC=C3[O-])C4=CC=C(C=C4)C(=O)O)O,1,0
C1C(=O)NC2=C(C=C(C=C2)[N+](=O)[O-])C(=N1)C3=CC=CC=C3Cl,1,0
C1C(=S)N(C2=C(C=C(C=C2)Cl)C(=N1)C3=CC=CC=C3F)CC(F)(F)F,1,0
C1C[NH+](CC2=C1SC=C2)CC3=CC=CC=C3Cl,1,0
C1=CC=C(C(=C1)CC(=O)[O-])NC2=C(C=CC=C2Cl)Cl,1,0
C1C(=C(N2[C@H](S1)[C@@H](C2=O)NC(=O)CC3=CC=CC=C3C[NH3+])C(=O)[O-])CSC4=NN=NN4CC(=O)[O-],1,0
C1=CC=C(C=C1)N=NC2=C(N=C(C=C2)N)N,1,0
C1C(=C(N2[C@H](S1)[C@@H](C2=O)NC(=O)[C@@H](C3=CC=CC=C3)O)C(=O)[O-])CSC4=NN=NN4CS(=O)(=O)[O-],1,0
C1CC(=C(N2[C@H]1[C@@H](C2=O)NC(=O)[C@@H](C3=CC=CC=C3)[NH3+])C(=O)[O-])Cl,1,0
C1CN(CC[NH+]1CCOCC(=O)[O-])[C@H](C2=CC=CC=C2)C3=CC=C(C=C3)Cl,1,0
C1C[NH+]2CCC1[C@H](C2)OC(=O)N3CCC4=CC=CC=C4[C@@H]3C5=CC=CC=C5,1,0
C1CSC2=[N+]1C[C@@H](N2)C3=CC=CC=C3,1,0
C1CN(CC[NH+]1CCOCC(=O)[O-])C(C2=CC=CC=C2)C3=CC=C(C=C3)Cl,1,0
C1CN(CC[NH+]1CCOCCO)C(C2=CC=CC=C2)C3=CC=C(C=C3)Cl,1,0
C1CC[N+]2(C1)C3CCC2CC(C3)OC(=O)C(C4=CC=CC=C4)(C5=CC=CC=C5)O,1,0
C1=CC=C(C=C1)C(C2=CC=CC=C2)(C3=CC=CC=C3Cl)N4C=CN=C4,1,0
C1=CC=C(C=C1)C(C2=CC=CC=C2)[S@](=O)CC(=O)N,1,0
C1=CC=C(C=C1)C(C2=CC=CC=C2)S(=O)CC(=O)N,1,0
C1CCC(CC1)C(CC[NH+]2CCCC2)(C3=CC=CC=C3)O,1,0
C1CC[NH+](CC1)CCC(C2CC3CC2C=C3)(C4=CC=CC=C4)O,1,0
C1CC[NH+](CC1)CCC(C2CCCC2)(C3=CC=CC=C3)O,1,0
C1CCC(CC1)C(CC[NH+]2CCCCC2)(C3=CC=CC=C3)O,1,0
C1CC[NH+](CC1)CCCC(C2=CC=CC=C2)(C3=CC=CC=C3)O,1,0
C1=CC=C(C=C1)C(COC(=O)N)COC(=O)N,1,0
C1=CC=C(C=C1)C(=O)[O-],1,0
C1CN2C(=CC=C2C(=O)C3=CC=CC=C3)C1C(=O)[O-],1,0
C1=CC=C(C=C1)C(=O)C2=CC=CC(=C2N)CC(=O)N,1,0
C1=CC=C(C=C1)C(=O)NC(CC2=CC=C(C=C2)O)C(=O)NC3=CC=C(C=C3)C(=O)[O-],1,0
C1=CC=C(C=C1)C(=O)NCC(=O)[O-],1,0
C1=CC=C(C=C1)C(=O)OOC(=O)C2=CC=CC=C2,1,0
C1=CC=C(C=C1)C2(C(=O)N(C(=O)N2)COP(=O)([O-])[O-])C3=CC=CC=C3,1,0
C1=CC=C(C=C1)C2(C(=O)NC(=O)N2)C3=CC=CC=C3,1,0
C1C[NH+](CCC1(C2=CC=CC=C2)C(=O)[O-])CCC(C#N)(C3=CC=CC=C3)C4=CC=CC=C4,1,0
C1=CC=C(C=C1)C2=NC3=C(N=C(N=C3N=C2N)N)N,1,0
C1=CC=C(C=C1)C2C(=O)NC(=[NH2+])O2,1,0
C1=CC=C(C=C1)C2C(=O)C3=CC=CC=C3C2=O,1,0
C1[C@H](C1C2=CC=CC=C2)[NH3+],1,0
C1=CC=C(C=C1)C2=NC(C(=O)NC3=C2C=C(C=C3)Cl)C(=O)[O-],1,0
C1=CC=C(C=C1)C2=NC(C(=O)NC3=C2C=C(C=C3)Cl)O,1,0
C1C(=O)N(C2=C(C=C(C=C2)Cl)C(=N1)C3=CC=CC=C3)CC(F)(F)F,1,0
C1CC1CN2C(=O)CN=C(C3=C2C=CC(=C3)Cl)C4=CC=CC=C4,1,0
C1C2=NN=CN2C3=C(C=C(C=C3)Cl)C(=N1)C4=CC=CC=C4,1,0
C1C[C@H](N(C1)C(=O)[C@@H]2CSSCCC(=O)N[C@H](C(=O)N[C@H](C(=O)N[C@H](C(=O)N[C@H](C(=O)N2)CC(=O)N)CCC(=O)N)CC3=CC=CC=C3)CC4=CC=C(C=C4)O)C(=O)N[C@H](CCC[NH+]=C(N)N)C(=O)NCC(=O)N,1,0
C1=CC=C(C=C1)CC(=O)[O-],1,0
C1=CC=C(C=C1)CC(=O)NC(=O)N,1,0
C1C[NH+]=C(N1)CC2=CC=CC=C2,1,0
C1CC(N(C1)C(=O)C2CSSCC(C(=O)NC(C(=O)NC(C(=O)NC(C(=O)NC(C(=O)N2)CC(=O)N)CCC(=O)N)CC3=CC=CC=C3)CC4=CC=C(C=C4)O)[NH3+])C(=O)NC(CCC[NH+]=C(N)N)C(=O)NCC(=O)N,1,0
C1CC(N(C1)C(=O)C2CSSCC(C(=O)NC(C(=O)NC(C(=O)NC(C(=O)NC(C(=O)N2)CC(=O)N)CCC(=O)N)CC3=CC=CC=C3)CC4=CC=C(C=C4)O)[NH3+])C(=O)NC(CCCC[NH3+])C(=O)NCC(=O)N,1,0
C1=CC=C(C=C1)CC2NC3=C(C=C(C(=C3)C(F)(F)F)S(=O)(=O)N)S(=O)(=O)N2,1,0
C1C[C@H](N(C1)C(=O)[C@H](CCCC[NH3+])[NH2+][C@@H](CCC2=CC=CC=C2)C(=O)[O-])C(=O)[O-],1,0
C1=CC=C(C=C1)CCCC(=O)[O-],1,0
C1=CC=C(C=C1)CCCCOCCCCCC[NH2+]CC(C2=CC(=C(C=C2)O)CO)O,1,0
C1=CC=C(C=C1)CCNN,1,0
C1C[NH+]=C(N1)CN(CC2=CC=CC=C2)C3=CC=CC=C3,1,0
C1CC2C3C(C[S+]2C1)N(C(=O)N3CC4=CC=CC=C4)CC5=CC=CC=C5,1,0
C1=CC=C(C=C1)COC(=O)C2=CC=CC=C2,1,0
C1=CC=C(C=C1)COC2=CC=C(C=C2)O,1,0
C1=CC=C(C=C1)COCC(C(=O)[O-])N(CCN(CC[NH+](CC(=O)[O-])CC(=O)[O-])CC(=O)[O-])CC(=O)[O-],1,0
C1=CC=C(C=C1)CSCC2=NS(=O)(=O)C3=CC(=C(C=C3N2)Cl)S(=O)(=O)N,1,0
C1=CC=C(C=C1)NC(=O)CCCCCCC(=O)NO,1,1
C1CCC(CC1)NC(=O)N(CCCl)N=O,1,0
C1=CC=C(C=C1)NS(=O)(=O)C2=CC=CC(=C2)/C=C/C(=O)NO,0,1
C1=CC=C(C=C1)OC(=O)C2=C(C=C(C=C2)N)O,1,0
C1CCC2(CC1)OCC(O2)C[NH+]=C(N)N,1,0
C1C[N+](=C2C3=C(C=CC(=C3)Cl)OC4=CC=CC=C4N2)CC[NH2+]1,1,0
C1C[NH+](CCC1N2C3=CC=CC=C3NC2=O)CCCC(C4=CC=C(C=C4)F)C5=CC=C(C=C5)F,1,0
C1C[N+](=C2C3=CC=CC=C3SC4=CC=CC=C4N2)CC[NH+]1CCOCCO,1,0
C1=CC=C2C(=C1)C(=C(C(=O)O2)CC3=C(C4=CC=CC=C4OC3=O)[O-])[O-],1,0
C1CCC2=[NH+]C3=CC=CC=C3C(=C2C1)N,1,0
C1[C@@H]2CC(CC3[NH+]2CC(=O)C1C3)OC(=O)C4=CNC5=CC=CC=C54,1,0
C1=CC=C2C(=C1)C(=NN=C2NC3=CC=C(C=C3)Cl)CC4=CC=NC=C4,0,1
C1=CC=C2C(=C1)C(=NO2)CS(=O)(=O)N,1,0
C1CC[C@H]([C@@H](C1)C[NH+]2CCN(CC2)C3=NSC4=CC=CC=C43)CN5C(=O)[C@H]6[C@@H]7CC[C@@H](C7)[C@H]6C5=O,1,0
C1=CC=C2C(=C1)C(=O)NC2(C3=CC(=C(C=C3)Cl)S(=O)(=O)N)O,1,0
C1=CC=C2C(=C1)C(=O)O[Bi]O2.O,1,0
C1=CC=C2C(=C1)C(=O)OC23C4=C(C=C(C=C4)O)OC5=C3C=CC(=C5)O,1,0
C1C[N+]2=C(N1)C3=CC=CC=C3C2(C4=CC=C(C=C4)Cl)O,1,0
C1CN(CC2=C1C3=CC=CC=C3N2)C(=O)CCS,1,0
C1=CC=C2C(=C1)C=C(C(=C2CC3=C(C(=CC4=CC=CC=C43)C(=O)O)[O-])[O-])C(=O)O,1,0
C1CC[C@H]2[C@@H](C1)CC(N2C(=O)C3CC4=CC=CC=C4CN3C(=O)[C@H](CO)NC(=O)[C@H](CC5=CC=CS5)NC(=O)CNC(=O)C6C[C@H](CN6C(=O)C7CCCN7C(=O)C(CCC[NH+]=C(N)N)NC(=O)[C@@H](CCC[NH+]=C(N)N)[NH3+])O)C(=O)N[C@@H](CCC[NH+]=C(N)N)C(=O)[O-],1,0
C1C2=CC=CC=C2N(C3=CC=CC=C3C1=O)C(=O)N,1,0
C1C2C3=CC=CC=C3CC4=CC=CC=C4[N+]2=C(N1)N,1,0
C1=CC=C2C(=C1)C=CC3=CC=CC=C3N2C(=O)N,1,0
C1CC(C2=CC=CC=C2C1)C3=[NH+]CCN3,1,0
C1C[NH+]=C(N1)CC2=CC=CC3=CC=CC=C32,1,0
C1CCC(CC1)C(=O)N2CC3C4=CC=CC=C4CCN3C(=O)C2,1,0
C1=CC=C2C(=C1)C=NN=C2NN,1,0
C1CN(CC[NH+]1CCO)CCCN2C3=CC=CC=C3SC4=C2C=C(C=C4)C(F)(F)F,1,0
C1CN(CC[NH+]1CCO)CCCN2C3=CC=CC=C3SC4=C2C=C(C=C4)Cl,1,0
C1CCCN(CCC1)CC[NH+]=C(N)N,1,0
C1=CC(=S)N(C=C1)[O-],1,0
C1CN(CC[NH+]1CCCN2C(=O)N3C=CC=CC3=N2)C4=CC(=CC=C4)Cl,1,0
C1CCN[C@@H](C1)C2(CN(C2)C(=O)C3=C(C(=C(C=C3)F)F)NC4=C(C=C(C=C4)I)F)O,0,1
C1C[NH+](CCC1O[C@@H](C2=CC=C(C=C2)Cl)C3=CC=CC=N3)CCCC(=O)[O-],1,0
C1=CC=NC(=C1)[N-]S(=O)(=O)C2=CC=C(C=C2)N=NC3=CC(=C(C=C3)[O-])C(=O)O,1,0
C1=CC=NC(=C1)[N-]S(=O)(=O)C2=CC=C(C=C2)N,1,0
C1[C@H](O[C@H](S1)CO)N2C=CC(=NC2=O)N,1,0
C1=CN(C(=O)N=C1N)[C@H]2[C@H]([C@@H]([C@H](O2)CO)O)O,1,1
C1=CN(C(=O)N=C1N)[C@H]2C([C@@H]([C@H](O2)CO)O)(F)F,1,1
C1=CN(C(=O)N=C1N)[C@H]2C([C@@H]([C@H](O2)CO)O)(F)F.Cl,0,1
C1C[C@@H](O[C@@H]1CO)N2C=CC(=NC2=O)N,1,0
C1=CN(C(=O)N=C1N)C[C@@H](CO)OCP(=O)([O-])[O-],1,0
C1CN(CCN(CCN(CC[NH+]1CC(=O)[O-])CC(=O)[O-])C(CO)C(CO)O)CC(=O)[O-],1,0
C1CN(CCN1CC2=CC3=C(C=C2)OC(O3)(F)F)C(=O)NC4=C(C=CN=C4)Cl,0,1
C1=CN(C=N1)CC(O)(P(=O)([O-])[O-])P(=O)([O-])[O-],1,0
C1CN(P(=O)(OC1)NCCCl)CCCl,1,1
C1CN1P(=S)(N2CC2)N3CC3,1,0
C1=CN=C(C=N1)C(=O)N,1,0
C1=CN=C(N=C1)[N-]S(=O)(=O)C2=CC=C(C=C2)N,1,0
C1CCC2(C1)CC(=O)N(C(=O)C2)CCCC[NH+]3CCN(CC3)C4=NC=CC=N4,1,0
C1CNCC[NH2+]1,1,0
C1=CN=CC=C1C(=O)NN,1,0
C1=CN=CC=C1C2=CNC(=O)C(=C2)N,1,0
C1CNP(=O)(OC1)N(CCCl)CCCl,1,1
C1COC1=O,1,0
C1=NC(=C2C(=N1)N(C=N2)[C@H]3[C@@H]([C@@H]([C@H](O3)CO)O)O)N,1,0
C1=NC(=C2C(=N1)N(C=N2)[C@H]3[C@H]([C@@H]([C@H](O3)CO)O)O)N,1,0
C1=NC(=NC(=O)N1[C@H]2[C@@H]([C@@H]([C@H](O2)CO)O)O)N,1,0
C1=NC(=NN1[C@H]2[C@@H]([C@@H]([C@H](O2)CO)O)O)C(=O)N,1,0
C1=NC2=C(N=C(N=C2N1[C@H]3[C@H]([C@@H]([C@H](O3)CO)O)O)F)N,0,1
C1=NC2=C(N=C(N=C2N1[C@H]3[C@H]([C@@H]([C@H](O3)COP(=O)(O)O)O)O)F)N,0,1
C1[C@@H]([C@H](O[C@H]1[N+]2=CNC3=C2NC=NC[C@H]3O)CO)O,1,0
C1=NC2=C(N1CCC(CO)CO)N=C(NC2=O)N,1,0
C1=NC2=C(N1COCCO)N=C(NC2=O)N,1,0
C1CC1NC2=C3C(=NC(=N2)N)N(C=N3)[C@@H]4C[C@@H](C=C4)CO,1,0
C1=NC2=C(N=C(N=C2N1[C@H]3[C@H]([C@@H]([C@H](O3)COP(=O)([O-])[O-])O)O)F)N,1,0
C1[C@@H]([C@H](O[C@H]1N2C=NC3=C(N=C(N=C32)Cl)N)CO)O,1,0
C1=NC2=C(N1COC(CO)CO)N=C(NC2=O)N,1,0
C[C@@](C1=CC=CC=C1)(C2=CC=C(C=C2)Cl)OCC[C@H]3CCC[NH+]3C,1,0
C[C@@]1([C@@H](N2[C@H](S1(=O)=O)CC2=O)C(=O)[O-])CN3C=CN=N3,1,0
C[C@@]1(C(=O)N2[C@H](C(=O)N3CCC[C@H]3[C@@]2(O1)O)CC4=CC=CC=C4)NC(=O)[C@@H]5C[C@H]6[C@@H](CC7=CNC8=CC=CC6=C78)[NH+](C5)C,1,0
C[C@@]1(C(=O)N2[C@H](C(=O)N3CCC[C@H]3[C@@]2(O1)O)CC4=CC=CC=C4)NC(=O)[C@H]5C[NH+]([C@@H]6CC7=CNC8=CC=CC(=C78)C6=C5)C,1,0
C[C@@H]([C@@H]([C@H]1CNC2=C(N1)C(=O)NC(=N2)N)O)O,1,0
C[C@@H]([C@@H](C1=CC(=C(C=C1)O)O)O)[NH3+],1,0
C[C@@H]([C@@H](C1=CC=C(C=C1)O)O)[NH2+]CCC2=CC=C(C=C2)O,1,0
C[C@@H]([C@@H](C1=CC(=CC=C1)O)O)[NH3+],1,0
C[C@@H]([C@H](C1=CC=CC=C1)O)[NH2+]C,1,0
C[C@@H]([NH2+]CC(C[NH2+][C@@H](/C(=N/O)/C)C)(C)C)/C(=N/O)/C,1,0
C[C@@H](C(=O)N1CCC[C@H]1C(=O)[O-])[NH2+][C@@H](CCC2=CC=CC=C2)C(=O)[O-],1,0
C[C@@H](C(=O)N[C@@H](C)C(=O)NC1[C@H]2[C@@H]1CN(C2)C3=C(C=C4C(=O)C(=CN(C4=N3)C5=C(C=C(C=C5)F)F)C(=O)[O-])F)[NH3+],1,0
C[C@@H](C(=O)NC1=C(C(=C(C(=C1I)C(=O)NC(CO)CO)I)C(=O)NC(CO)CO)I)O,1,0
C[C@@H](C1=NC=NC=C1F)[C@](CN2C=NC=N2)(C3=C(C=C(C=C3)F)F)O,1,0
C[C@@H](C1=CC2=C(C=C1)C=C(C=C2)OC)C(=O)OCCCCO[N+](=O)[O-],0,1
C[C@@H](C1=CCC23C1(C[C@H](C45C2=CC[C@H]6[C@@]4(CC[C@@](C6)(O5)O)C)O)C[NH+](CCO3)C)OC(=O)C7=CC=CC=C7,1,0
C[C@@H](C1=CC2=C(C=C1)C=C(C=C2)OC)C(=O)[O-],1,0
C[C@@H](CC1=CC=CC=C1)[NH3+],1,0
C[C@@H](CC1=CC=CC=C1)NC(=O)[C@H](CCCC[NH3+])[NH3+],1,0
C[C@@H](CN1C2=CC=CC=C2SC3=C1C=C(C=C3)OC)C[NH+](C)C,1,0
C[C@@H](CN1CC(=O)NC(=O)C1)[NH+]2CC(=O)NC(=O)C2,1,0
C[C@@H]1[C@@H]2[C@H](C(=O)N2C(=C1S[C@H]3C[C@H]([NH2+]C3)C(=O)N(C)C)C(=O)[O-])[C@@H](C)O,1,0
C[C@@H]1[C@@H]2[C@H](C(=O)N2C(=C1S[C@H]3C[C@H]([NH2+]C3)CNS(=O)(=O)N)C(=O)[O-])[C@@H](C)O,1,0
C[C@@H]1[C@H]([C@@H]([C@@H](C(O1)OC2CC3C(C(CC(O3)(CC(CC(CC(CC(=O)CCCC(=O)CC(=O)OC(C(C=CC=CC=CC=CC=CC=CC=C2)C)C(C)CC(C)C(CC(=O)C4=CC=C(C=C4)N)O)O)O)O)O)O)C(=O)[O-])O)[NH3+])O,1,0
C[C@@H]1[C@H]([C@@H]([C@@H](C(O1)OC\2CC(C(C(CC(=O)CC(C(CCC(CC(CC(CC(=O)OC(C(C(C(/C=C/C=C/CC/C=C/C=C/C=C/C=C2)C)O)C)C)O)O)O)O)O)O)C(=O)[O-])O)O)[NH3+])O,1,0
C[C@@H]1[C@H]([C@@H]([C@H]([C@H](O1)O[C@@H]2[C@H](O[C@@H]([C@@H]([C@H]2O)O)O[C@@H]3[C@H](O[C@H]([C@@H]([C@H]3O)O)O)CO)CO)O)O)[NH2+][C@H]4C=C([C@@H]([C@@H]([C@H]4O)O)O)CO,1,0
C[C@@H]1[C@H]([C@H](C[C@@H](O1)O[C@@H]2[C@H](O[C@H](C[C@@H]2O)O[C@@H]3[C@H](O[C@H](C[C@@H]3O)O[C@H]4CC[C@]5([C@@H](C4)CC[C@@H]6[C@@H]5C[C@H]([C@]7([C@@]6(CC[C@@H]7C8=CC(=O)OC8)O)C)O)C)C)C)O)O,1,0
C[C@@H]1[C@H]([C@H](C[C@@H](O1)O[C@@H]2[C@H](O[C@H](C[C@@H]2O)O[C@@H]3[C@H](O[C@H](C[C@@H]3O)O[C@H]4CC[C@]5([C@@H](C4)CC[C@@H]6[C@@H]5CC[C@]7([C@@]6(CC[C@@H]7C8=CC(=O)OC8)O)C)C)C)C)O)O,1,0
C[C@@H]1[C@H]([C@H](C[C@@H](O1)OC2[C@H](O[C@H](C[C@@H]2O)O[C@@H]3[C@H](O[C@H](C[C@@H]3O)OC4CC[C@]5([C@@H](C4)CC[C@@H]6[C@@H]5CC[C@]7([C@@]6(CC[C@@H]7C8=CC(=O)OC8)O)C)C)C)C)OC(=O)C)O,1,0
C[C@@H]1C/C=C/C=C/C=C/C=C/[C@@H](C[C@H]2[C@@H]([C@H](C[C@](O2)(C[C@H](C[C@@H]3[C@H](O3)/C=C/C(=O)O1)O)O)O)C(=O)[O-])OC4[C@H]([C@H]([C@@H]([C@H](O4)C)O)[NH3+])O,1,0
C[C@@H]1C[C@@H]([C@@H]2[C@H](C[C@H]([C@@](O2)(C(=O)C(=O)N3CCCC[C@H]3C(=O)O[C@@H]([C@@H]([C@H](CC(=O)[C@@H](/C=C(/C1)\C)CC=C)O)C)/C(=C/[C@@H]4CC[C@H]([C@@H](C4)OC)O)/C)O)C)OC)OC,1,0
C[C@@H]1C[C@@H]([C@H]([C@@H](O1)O[C@H]2[C@H](C[C@@]3(CO3)C(=O)[C@@H]([C@H]([C@H]([C@H](OC(=O)[C@@H]([C@H]([C@@H]2C)O[C@H]4C[C@@H]([C@H]([C@@H](O4)C)OC(=O)C)OC)C)C)C)OC(=O)C)C)C)OC(=O)C)[NH+](C)C,1,0
C[C@@H]1C[C@@H]2CC[C@H]3C(=C)C[C@@H](O3)CC[C@]45C[C@@H]6[C@H](O4)[C@H]7[C@@H](O6)[C@@H](O5)[C@@H]8[C@@H](O7)CC[C@@H](O8)CC(=O)C[C@H]9[C@H](C[C@H](C1=C)O2)O[C@@H]([C@@H]9OC)C[C@@H](CN)O,0,1
C[C@@H]1C[C@H]2[C@@H]3C[C@@H](C4=CC(=O)C=C[C@@]4([C@]3([C@H](C[C@@]2([C@]1(C(=O)COC(=O)C(C)(C)C)O)C)O)F)C)F,1,0
C[C@@H]1C[C@H]2[C@@H]3C[C@@H](C4=CC(=O)C=C[C@@]4([C@]3([C@H](C[C@@]2([C@]1(C(=O)SCF)OC(=O)C5=CC=CO5)C)O)F)C)F,1,0
C[C@@H]1C[C@H]2[C@@H]3C[C@@H](C4=CC(=O)C=C[C@@]4([C@]3([C@H](C[C@@]2([C@H]1C(=O)COC(=O)C(C)(C)C)C)O)Cl)C)F,1,0
C[C@@H]1C[C@H]2[C@@H]3C[C@@H](C4=CC(=O)C=C[C@@]4([C@H]3[C@H](C[C@@]2([C@]1(C(=O)COC(=O)C)O)C)O)C)F,1,0
C[C@@H]1C[C@H]2[C@@H]3CCC4=CC(=O)C=C[C@@]4([C@]3([C@H](C[C@@]2([C@]1(C(=O)CCl)OC(=O)C5=CC=CO5)C)O)Cl)C,1,0
C[C@@H]1C[C@H]2[C@@H]3CCC4=CC(=O)C=C[C@@]4([C@]3([C@H](C[C@@]2([C@]1(C(=O)CO)O)C)O)F)C,1,1
C[C@@H]1C[C@H]2[C@@H]3CCC4=CC(=O)C=C[C@@]4([C@]3([C@H](C[C@@]2([C@]1(C(=O)COP(=O)([O-])[O-])O)C)O)F)C,1,0
C[C@@H]1C[C@H]2[C@@H]3CCC4=CC(=O)C=C[C@@]4([C@]3([C@H](C[C@@]2([C@H]1C(=O)CO)C)O)F)C,1,0
C[C@@H]1CC(=O)C=C([C@]12C(=O)C3=C(O2)C(=C(C=C3OC)OC)Cl)OC,1,0
C[C@@H]1CC[C@@]23CCC(=O)[C@H]2[C@@]1([C@@H](C[C@@]([C@H]([C@@H]3C)O)(C)C=C)OC(=O)CSC4C[C@H]5CC[C@@H](C4)[NH+]5C)C,1,0
C[C@@H]1CC[C@H]([C@@H](C1)O)C(C)C,1,0
C[C@@H]1CC[C@H]2[C@H]([C@H](O[C@H]3[C@@]24[C@H]1CC[C@](O3)(OO4)C)OC)C,1,0
C[C@@H]1O[C@]2(C[NH+]3CCC2CC3)CS1,1,0
C[C@]([C@H]1C[C@@]23CC[C@@]1([C@H]4[C@@]25CC[NH+]([C@@H]3CC6=C5C(=C(C=C6)O)O4)CC7CC7)OC)(C(C)(C)C)O,1,0
C[C@](CC1=CC(=C(C=C1)O)O)(C(=O)[O-])[NH3+],1,0
C[C@](CC1=CC=C(C=C1)O)(C(=O)[O-])[NH3+],1,0
C[C@@]1([C@H]2[C@@H]([C@H]3[C@@H](C(=O)C(=C([C@]3(C(=O)C2=C(C4=C1C=CC=C4[O-])[O-])O)[O-])C(=O)N)[NH+](C)C)O)O,1,0
C[C@@]1([C@H]2C[C@H]3[C@@H](C(=O)C(=C([C@]3(C(=O)C2=C(C4=C1C=CC=C4[O-])[O-])O)[O-])C(=O)N)[NH+](C)C)O,1,0
C[C@]12C[C@@H]([C@]3([C@H]([C@@H]1C[C@@H]4[C@]2(OC(O4)(C)C)C(=O)CO)C[C@@H](C5=CC(=O)C=C[C@@]53C)F)F)O,1,0
C[C@]12C[C@@H]([C@]3([C@H]([C@@H]1C[C@@H]4[C@]2(OC(O4)(C)C)C(=O)CO)CCC5=CC(=O)C=C[C@@]53C)F)O,1,0
C[C@]12C[C@@H]([C@]3([C@H]([C@@H]1C[C@@H]4[C@]2(OC(O4)(C)C)C(=O)COC(=O)CC(C)(C)C)CCC5=CC(=O)C=C[C@@]53C)F)O,1,0
C[C@]12C[C@@H]([C@]3([C@H]([C@@H]1C[C@H]([C@@]2(C(=O)CO)O)O)CCC4=CC(=O)C=C[C@@]43C)F)O,1,0
C[C@]12C[C@@H]([C@H]3[C@H]([C@@H]1C[C@@H]4[C@]2(OC(O4)(C)C)C(=O)CO)C[C@@H](C5=CC(=O)C=C[C@]35C)F)O,1,0
C[C@]12C[C@@H]([C@H]3[C@H]([C@@H]1C[C@@H]4[C@]2(OC(O4)(C)C)C(=O)CO)CCC5=CC(=O)C=C[C@]35C)O,1,0
C[C@]12C[C@@H]([C@H]3[C@H]([C@@H]1CC[C@@]2(C(=O)CO)O)C[C@@H](C4=CC(=O)C=C[C@]34C)F)O,1,0
C[C@]12C[C@@H]([C@H]3[C@H]([C@@H]1CC[C@@]2(C(=O)CO)O)CCC4=CC(=O)C=C[C@]34C)O,1,1
C[C@]12C[C@@H]([C@H]3[C@H]([C@@H]1CC[C@@]2(C(=O)COC(=O)CC(C)(C)C)O)CCC4=CC(=O)C=C[C@]34C)O,1,0
C[C@]12CC(=O)[C@H]3[C@H]([C@@H]1CC[C@@]2(C(=O)CO)O)CCC4=CC(=O)C=C[C@]34C,1,1
C[C@]12CC[C@H]3[C@H]([C@@H]1CC[C@@H]2O)[C@@H](CC4=C3C=CC(=C4)O)CCCCCCCCCS(=O)CCCC(C(F)(F)F)(F)F,1,0
C[C@]12CC[C@H]3[C@H]([C@@H]1CC[C@@H]2O)CCC4=C3C=CC(=C4)O,1,0
C[C@]12CC[C@H]3[C@H]([C@@H]1CC[C@]2(C#C)O)CCC4=C3C=CC(=C4)O,1,0
C[C@]12CC[C@H]3[C@H]([C@@H]1CC[C@]2(C#C)O)CCC4=C3C=CC(=C4)OC,1,0
C[C@]12CC[C@H]3[C@H]([C@@H]1CC[C@]2(C#C)O)CCC4=C3C=CC(=C4)OC5CCCC5,1,0
C[C@]12CC[C@H]3[C@H]([C@@H]1CCC2=O)CCC4=C3C=CC(=C4)O,1,0
C[C@]12CC[C@H]3[C@H]([C@@H]1CCC2=O)CCC4=C3C=CC(=C4)OS(=O)(=O)[O-],1,0
C[C@]12CC[C@H]3[C@H]([C@@H]1CC[C@@H]2C(=O)NC(C)(C)C)CC[C@@H]4[C@@]3(C=CC(=O)N4)C,1,0
C[C@]12CC[C@H]3[C@H]([C@@H]1CC[C@@H]2O)CC[C@]45[C@@]3(CC(=C([C@H]4O5)O)C#N)C,1,0
C[C@]12CC[C@H]3[C@H]([C@@H]1CC[C@@H]2O)CCC4=CC(=O)CC[C@]34C,1,0
C[C@]12CC[C@H]3[C@H]([C@@H]1CC[C@@H]2OC(=O)CCC4=CC=CC=C4)CCC5=CC(=O)CC[C@H]35,1,0
C[C@]12CC[C@H]3[C@H]([C@@H]1CC[C@]2(C#C)O)CCC4=C3CCC(=O)C4,1,0
C[C@]12CC[C@H]3[C@H]([C@@H]1CC[C@]2(C#C)O)CCC4=CC(=O)CC[C@H]34,1,0
C[C@]12CC[C@H]3[C@H]([C@@H]1CC[C@]2(C#C)O)CCC4=CC5=C(C[C@]34C)C=NO5,1,0
C[C@]12CC[C@H]3[C@H]([C@@H]1CC[C@]2(C)O)CC[C@@H]4[C@@]3(C/C(=C/[O-])/C(=O)C4)C,1,0
C[C@]12CC[C@H]3[C@H]([C@@H]1CC[C@]2(C)O)CC[C@@H]4[C@@]3(CC5=C(C4)NN=C5)C,1,0
C[C@]12CC[C@H]3[C@H]([C@@H]1CC[C@]2(C)O)CC[C@@H]4[C@@]3(COC(=O)C4)C,1,0
C[C@]12CC[C@H]3[C@H]([C@@H]1CCC(=O)O2)CCC4=CC(=O)C=C[C@]34C,1,0
C[C@]12CC[C@H]3[C@H]([C@@H]1CCC2=O)CC(=C)C4=CC(=O)C=C[C@]34C,1,0
C[C@]12CCC(=O)C=C1[C@@H]3C[C@@H]3[C@@H]4[C@@H]2CC[C@]5([C@H]4[C@@H]6C[C@@H]6[C@@]57CCC(=O)O7)C,1,0
C[C@]12CCC(=O)C=C1[C@H](C[C@@H]3[C@@H]2[C@H](C[C@]4([C@H]3C[C@@H]5[C@]4(OC(O5)(C)C)C(=O)CO)C)O)F,1,0
C[C@]12CCC(=O)C=C1C[C@H]([C@@H]3[C@]24[C@H](O4)C[C@]5([C@H]3CC[C@@]56CCC(=O)O6)C)C(=O)OC,1,0
C[C@]12CCC(=O)C=C1CC[C@@H]3[C@@]2([C@H](C[C@]4([C@H]3C[C@@H]5[C@]4(OC(O5)(C)C)C(=O)CCl)C)O)F,1,0
C[C@]12CCC(=O)C=C1CC[C@@H]3[C@@]2([C@H](C[C@]4([C@H]3CC[C@]4(C)O)C)O)F,1,0
C[C@]12CCC(=O)C=C1CC[C@@H]3[C@@H]2[C@H](C[C@]4([C@H]3CC[C@@]4(C(=O)CO)O)C)O,1,1
C[C@]12CCC(=O)C=C1CC[C@@H]3[C@@H]2[C@H](C[C@]4([C@H]3CC[C@@]4(C(=O)COC(=O)CCC(=O)[O-])O)C)O,1,0
C[C@]12CCC(=O)C=C1CC[C@@H]3[C@@H]2[C@H](C[C@]4([C@H]3CC[C@@]4(C(=O)COC(=O)CCC5CCCC5)O)C)O,1,0
C[C@]12CCC(=O)C=C1CC[C@@H]3[C@@H]2[C@H](C[C@]4([C@H]3CC[C@@]4(C(=O)COP(=O)([O-])[O-])O)C)O,1,0
C[C@]12CCC(=O)C=C1CC[C@@H]3[C@@H]2CC[C@]4([C@H]3CC[C@]4(C)O)C,1,0
C[C@]12CCC3=C4CCC(=O)C=C4CC[C@H]3[C@@H]1CC[C@]2(CC#N)O,1,0
C[C@]12CCCCC[C@H]([C@@H]1[NH3+])CC3=C2C=C(C=C3)O,1,0
C[C@H](/C=C/[C@H](C)C(C)(C)O)[C@H]1CC[C@@H]\2[C@@]1(CCC/C2=C\C=C3C[C@H](C[C@@H](C3)O)O)C,1,0
C[C@H](/C=C/[C@H](C)C(C)C)[C@H]1CC[C@@H]\2[C@@]1(CCC/C2=C\C=C/3\C[C@H](C[C@@H](C3=C)O)O)C,1,0
C[C@H](/C=C/[C@H](C)C(C)C)[C@H]1CC[C@@H]\2[C@@]1(CCC/C2=C\C=C/3\C[C@H](CCC3=C)O)C,1,0
C[C@H](/C=C/[C@H](C1CC1)O)[C@H]2CC[C@@H]\3[C@@]2(CCC/C3=C\C=C/4\C[C@H](C[C@@H](C4=C)O)O)C,1,0
C[C@H]([C@@H](C(=O)N)NC(=O)[C@@H]1CSSC[C@@H](C(=O)N[C@H](C(=O)N[C@@H](C(=O)N[C@H](C(=O)N[C@H](C(=O)N1)C(C)C)CCCC[NH3+])CC2=CNC3=CC=CC=C32)CC4=CC=C(C=C4)O)NC(=O)[C@@H](CC5=CC6=CC=CC=C6C=C5)[NH3+])O,1,0
C[C@H]([C@@H](C(=O)NCC(=O)N[C@@H](CC1=CNC2=CC=CC=C21)C(=O)N[C@@H](CCSC)C(=O)N[C@@H](CC(=O)[O-])C(=O)N[C@@H](CC3=CC=CC=C3)C(=O)N)NC(=O)[C@H](CC4=CC=C(C=C4)OS(=O)(=O)[O-])NC(=O)[C@H](CC(=O)[O-])NC(=O)[C@H](CCC(=O)N)NC(=O)[C@@H]5CCC(=O)N5)O,1,0
C[C@H]([C@H](C1=CC=CC=C1)O)[NH3+],1,0
C[C@H]([C@H]1[C@@H](O1)C[C@H]2CO[C@H]([C@@H]([C@@H]2O)O)C/C(=C/C(=O)OCCCCCCCCC(=O)[O-])/C)[C@H](C)O,1,0
C[C@H](C(=O)N)NC(=O)[C@@H]1CCCN1C(=O)[C@H](CCCC[NH2+]C(C)C)NC(=O)[C@H](CC(C)C)NC(=O)[C@@H](CC(=O)N)NC(=O)[C@H](CC2=CC=C(C=C2)O)N(C)C(=O)[C@H](CO)NC(=O)[C@@H](CC3=CN=CC=C3)NC(=O)[C@@H](CC4=CC=C(C=C4)Cl)NC(=O)[C@@H](CC5=CC6=CC=CC=C6C=C5)NC(=O)C,1,0
C[C@H](C(=O)N)NC(=O)[C@@H]1CCCN1C(=O)[C@H](CCCC[NH2+]C(C)C)NC(=O)[C@H](CC(C)C)NC(=O)[C@@H](CC2=CC=C(C=C2)NC(=O)N)NC(=O)[C@H](CC3=CC=C(C=C3)NC(=O)[C@@H]4CC(=O)NC(=O)N4)NC(=O)[C@H](CO)NC(=O)[C@@H](CC5=CN=CC=C5)NC(=O)[C@@H](CC6=CC=C(C=C6)Cl)NC(=O)[C@@H](CC7=CC8=CC=CC=C8C=C7)NC(=O)C,1,0
C[C@H](C1=C(C=CC(=C1Cl)F)Cl)OC2=C(N=CC(=C2)C3=CN(N=C3)C4CC[NH2+]CC4)N,1,0
C[C@H](C1=CC(=CC(=C1)C(F)(F)F)C(F)(F)F)O[C@@H]2[C@@H]([NH+](CCO2)CC3=NNC(=O)N3)C4=CC=C(C=C4)F,1,0
C[C@H](C1=CC=CC2=CC=CC=C21)[NH2+]CCCC3=CC(=CC=C3)C(F)(F)F,1,0
C[C@H](CC1=CC2=C(C(=C1)C(=O)N)N(CC2)CCCO)[NH2+]CCOC3=CC=CC=C3OCC(F)(F)F,1,0
C[C@H](CC1=CC(=C(C=C1)O)O)[C@@H](C)CC2=CC(=C(C=C2)O)O,1,0
C[C@H](CC1=CC=C(C=C1)OC)[NH2+]C[C@@H](C2=CC(=C(C=C2)O)NC=O)O,1,0
C[C@H](CC1=CC=CC=C1)[NH+](C)CC#C,1,0
C[C@H](CCC(=O)[O-])[C@H]1CC[C@@H]2[C@@]1(CC[C@H]3[C@H]2[C@@H](C[C@H]4[C@@]3(CC[C@H](C4)O)C)O)C,1,0
C[C@H](CCC(=O)[O-])[C@H]1CC[C@@H]2[C@@]1(CC[C@H]3[C@H]2[C@H](C[C@H]4[C@@]3(CC[C@H](C4)O)C)O)C,1,0
C[C@H](CCCC(C)(C)O)[C@H]1CC[C@@H]\2[C@@]1(CCC/C2=C\C=C/3\C[C@H](C[C@@H](C3=C)O)O)C,0,1
C[C@H](CCCC(C)(C)O)[C@H]1CC[C@@H]\2[C@@]1(CCC/C2=C\C=C/3\C[C@H](CCC3=C)O)C,1,0
C[C@H](CCCC(C)C)[C@H]1CC[C@@H]\2[C@@]1(CCC/C2=C\C=C/3\C[C@H](CCC3=C)O)C,1,0
C[C@H]1/C=C/C=C/C=C/C=C/C=C/C=C/C=C/[C@@H](C[C@H]2[C@@H]([C@H](C[C@](O2)(C[C@H](C[C@H]([C@@H](CC[C@H](C[C@H](CC(=O)O[C@H]([C@@H]([C@@H]1O)C)C)O)O)O)O)O)O)O)C(=O)[O-])O[C@H]3[C@H]([C@H]([C@@H]([C@H](O3)C)O)[NH3+])O,1,0
C[C@H]1[C@@]([C@H]([C@@H](O1)O[C@@H]2[C@H]([C@@H]([C@H]([C@@H]([C@H]2O)O)[NH+]=C(N)N)O)[NH+]=C(N)N)O[C@H]3[C@H]([C@@H]([C@H]([C@@H](O3)CO)O)O)[NH2+]C)(C=O)O,1,0
C[C@H]1[C@@H]([C@H](C[C@@H](O1)O[C@H]2C[C@@](CC3=C2C(=C4C(=C3[O-])C(=O)C5=C(C4=O)C(=CC=C5)OC)[O-])(C(=O)CO)O)[NH3+])O,1,0
C[C@H]1[C@@H](C(=O)N1S(=O)(=O)[O-])NC(=O)/C(=N\OC(C)(C)C(=O)[O-])/C2=CSC(=N2)N,1,0
C[C@H]1[C@H]([C@@](C[C@@H](O1)O[C@@H]2[C@H]([C@@H]([C@H](O[C@H]2OC3=C4C=C5C=C3OC6=C(C=C(C=C6)[C@H]([C@H](C(=O)N[C@H](C(=O)N[C@H]5C(=O)N[C@@H]7C8=CC(=C(C=C8)O)C9=C(C=C(C=C9O)O)[C@H](NC(=O)[C@H]([C@@H](C1=CC(=C(O4)C=C1)Cl)O)NC7=O)C(=O)[O-])CC(=O)N)NC(=O)[C@@H](CC(C)C)[NH2+]C)O)Cl)CO)O)O)(C)[NH3+])O,1,0
C[C@H]1[C@H]([C@H](C[C@@H](O1)O[C@H]2C[C@@](CC3=C2C(=C4C(=C3O)C(=O)C5=C(C4=O)C(=CC=C5)OC)O)(C(=O)C)O)N)O.Cl,0,1
C[C@H]1[C@H]([C@H](C[C@@H](O1)O[C@H]2C[C@@](CC3=C2C(=C4C(=C3O)C(=O)C5=C(C4=O)C(=CC=C5)OC)O)(C(=O)CO)O)N)O.Cl,0,1
C[C@H]1[C@H]([C@H](C[C@@H](O1)O[C@H]2C[C@@](CC3=C2C(=C4C(=C3[O-])C(=O)C5=C(C4=O)C(=CC=C5)OC)[O-])(C(=O)C)O)[NH3+])O,1,0
C[C@H]1[C@H]([C@H](C[C@@H](O1)O[C@H]2C[C@@](CC3=C2C(=C4C(=C3[O-])C(=O)C5=C(C4=O)C(=CC=C5)OC)[O-])(C(=O)CO)O)[NH3+])O,1,0
C[C@H]1[C@H]([C@H](C[C@@H](O1)O[C@H]2C[C@@](CC3=C2C(=C4C(=C3[O-])C(=O)C5=CC=CC=C5C4=O)[O-])(C(=O)C)O)[NH3+])O,1,0
C[C@H]1[C@H](O1)P(=O)([O-])[O-],1,0
C[C@H]1[C@H]2CC3=C([C@@]1(CC[NH+]2CC=C(C)C)C)C=C(C=C3)O,1,0
C[C@@H]1[C@H]2[C@@H]([C@H]3[C@@H](C(=O)C(=C([C@]3(C(=O)C2=C(C4=C1C=CC=C4[O-])[O-])O)[O-])C(=O)N)[NH+](C)C)O,1,0
C[C@H]1C[C@@H]2[C@H](CC[C@]3([C@H]2CC[C@@]3(C(=O)C)OC(=O)C)C)[C@@]4(C1=CC(=O)CC4)C,1,0
C[C@H]1C[C@H]2[C@@H]3C[C@@H](C4=CC(=O)C=C[C@@]4([C@]3([C@H](C[C@@]2([C@]1(C(=O)COC(=O)C)OC(=O)C)C)O)F)C)F,1,0
C[C@H]1C[C@H]2[C@@H]3CC[C@@]([C@]3(C[C@@H]([C@@]2([C@@]4(C1=CC(=O)C=C4)C)F)O)C)(C(=O)C)O,1,0
C[C@H]1C[C@H]2[C@@H]3CC[C@@]([C@]3(C[C@@H]([C@@]2([C@@]4(C1=CC(=O)C=C4)C)F)O)C)(C(=O)C)OC(=O)C,1,0
C[C@H]1C[C@H]2[C@@H]3CC[C@@]([C@]3(C[C@@H]([C@@H]2[C@@]4(C1=CC(=O)C=C4)C)O)C)(C(=O)CO)O,1,0
C[C@H]1C[C@H]2[C@@H]3CC[C@@]([C@]3(C[C@@H]([C@@H]2[C@@]4(C1=CC(=O)C=C4)C)O)C)(C(=O)COC(=O)CCC(=O)[O-])O,1,0
C[C@H]1C[C@H]2[C@@H]3CC[C@@H]([C@]3(C[C@@H]([C@@H]2[C@@]4(C1=CC(=O)CC4)C)O)C)C(=O)C,1,0
C[C@H]1C[C@H]2[C@@H]3CCC4=CC(=O)C=C[C@@]4([C@]3([C@H](C[C@@]2([C@]1(C(=O)CO)O)C)O)F)C,1,0
C[C@H]1C[C@H]2[C@@H]3CCC4=CC(=O)C=C[C@@]4([C@]3([C@H](C[C@@]2([C@]1(C(=O)CO)OC(=O)C5=CC=CC=C5)C)O)F)C,1,0
C[C@H]1C[C@H]2[C@@H]3CCC4=CC(=O)C=C[C@@]4([C@]3([C@H](C[C@@]2([C@]1(C(=O)COC(=O)C)O)C)O)F)C,1,0
C[C@H]1C[C@H]2[C@@H]3CCC4=CC(=O)C=C[C@@]4([C@H]3C(=O)C[C@@]2([C@]1(C(=O)CO)O)C)C,1,0
C[C@H]1CCC=C([C@]12CC[C@H](C2)C(=C)C)C,1,0
C[C@H]1CN(CC[C@@]1(C)C2=CC(=CC=C2)O)C[C@H](C(C)C)NC(=O)[C@H]3CC4=C(CN3)C=C(C=C4)O,0,1
C[N+](C)(C)C[C@@H](CC(=O)[O-])O,1,0
C[N+](C)(C)CC(=O)[O-],1,0
C[N+](C)(C)CCCCCC[NH2+]CC=C,1,0
C[N+](C)(C)CCCCCCCCCC[N+](C)(C)C,1,0
C[N+](C)(C)CCOC(=O)CCC(=O)OCC[N+](C)(C)C,1,0
C[N+](C)(C)CCOC(=O)N,1,0
C[N+]1([C@@H]2CC(C[C@H]1[C@H]3[C@@H]2O3)OC(=O)C(C4=CC=CS4)(C5=CC=CS5)O)C,1,0
C[N+]1(C2CCC1CC(C2)OC(=O)C(C3=CC=CC=C3)O)C,1,0
C[N+]1(CC[C@]23[C@@H]4C(=O)CC[C@]2([C@H]1CC5=C3C(=C(C=C5)O)O4)O)CC6CC6,1,0
C[N+]1(CCC(=C(C2=CC=CC=C2)C3=CC=CC=C3)CC1)C,1,0
C[N+]1(CCC(C1)OC(=O)C(C2CCCC2)(C3=CC=CC=C3)O)C,1,0
C[N+]1(CCC2=CC(=C(C(=C2[C@H]1CC3=CC(=C(C(=C3)OC)OC)OC)OC)OC)OC)CCCOC(=O)CCC(=O)OCCC[N+]4(CCC5=CC(=C(C(=C5[C@@H]4CC6=CC(=C(C(=C6)OC)OC)OC)OC)OC)OC)C,1,0
C[N+]1(CCC2=CC(=C(C=C2[C@H]1CC3=CC(=C(C(=C3)OC)OC)OC)OC)OC)CCCOC(=O)CC/C=C/CCC(=O)OCCC[N+]4(CCC5=CC(=C(C=C5[C@H]4CC6=CC(=C(C(=C6)OC)OC)OC)OC)OC)C,1,0
C[N+]1(CCCC(C1)OC(=O)C(C2=CC=CC=C2)(C3=CC=CC=C3)O)C,1,0
C[N+]1(CCCC1)CCCCC[N+]2(CCCC2)C,1,0
C[N+]1(CCN(CC1)CC(C2CCCCC2)(C3=CC=CC=C3)O)C,1,0
C[N+]12CCC(CC1)C(C2)OC(=O)C(C3=CC=CC=C3)(C4=CC=CC=C4)O,1,0
C[N+]1=CC=CC(=C1)OC(=O)N(C)C,1,0
C[N+]1=CC=CC=C1/C=N/O,1,0
C[NH+](C)[C@H]1[C@@H]2[C@H]([C@@H]3C(=C)C4=C(C(=CC=C4)[O-])C(=C3C(=O)[C@@]2(C(=C(C1=O)C(=O)N)[O-])O)[O-])O,1,0
C[NH+](C)[C@H]1[C@@H]2C[C@@H]3[C@@H](C4=C(C=CC(=C4C(=C3C(=O)[C@@]2(C(=C(C1=O)C(=O)N)[O-])O)[O-])[O-])Cl)O,1,0
C[NH+](C)C[C@H]1CCCC[C@@]1(C2=CC(=CC=C2)OC)O,1,0
C[NH+](C)CC(C1=CC=C(C=C1)O)C2(CCCCC2)O,1,0
C[NH+](C)CC(C1=CC=C(C=C1)OC)C2(CCCCC2)O,1,0
C[NH+](C)CC/C=C\1/C2=CC=CC=C2COC3=C1C=C(C=C3)CC(=O)[O-],1,0
C[NH+](C)CC/C=C\1/C2=CC=CC=C2SC3=C1C=C(C=C3)Cl,1,0
C[NH+](C)CC[C@@H](C1=CC=C(C=C1)Br)C2=CC=CC=N2,1,0
C[NH+](C)CCC(C1=CC=C(C=C1)Br)C2=CC=CC=N2,1,0
C[NH+](C)CCC(C1=CC=C(C=C1)Cl)C2=CC=CC=N2,1,0
C[NH+](C)CCC(C1=CC=CC=C1)(C2=CC=CC=C2Cl)O,1,0
C[NH+](C)CCC(C1=CC=CC=C1)C2=CC=CC=N2,1,0
C[NH+](C)CCC1=CNC2=C1C=C(C=C2)C[C@H]3COC(=O)N3,1,0
C[NH+](C)CCC1=CNC2=C1C=C(C=C2)CS(=O)(=O)N3CCCC3,1,0
C[NH+](C)CCC[C@@]1(C2=C(CO1)C=C(C=C2)C#N)C3=CC=C(C=C3)F,1,0
C[NH+](C)CCCC1(C2=C(CO1)C=C(C=C2)C#N)C3=CC=C(C=C3)F,1,0
C[NH+](C)CCC=C1C2=CC=CC=C2CCC3=CC=CC=C31,1,0
C[NH+](C)CCCN1C2=CC=CC=C2CCC3=C1C=C(C=C3)Cl,1,0
C[NH+](C)CCCN1C2=CC=CC=C2CCC3=CC=CC=C31,1,0
C[NH+](C)CCCN1C2=CC=CC=C2SC3=C1C=C(C=C3)C(F)(F)F,1,0
C[NH+](C)CCCN1C2=CC=CC=C2SC3=C1C=C(C=C3)Cl,1,0
C[NH+](C)CCCN1C2=CC=CC=C2SC3=CC=CC=C31,1,0
C[NH+](C)CCN(CC1=CC=C(C=C1)OC)C2=CC=CC=N2,1,0
C[NH+](C)CCN(CC1=CC=CC=C1)C2=CC=CC=N2,1,0
C[NH+](C)CCN1C(=NN=N1)SCC2=C(N3[C@@H]([C@@H](C3=O)NC(=O)CC4=CSC(=N4)N)SC2)C(=O)[O-],1,0
C[NH+](C)CCOC(C1=CC=C(C=C1)Cl)C2=CC=CC=N2,1,0
C[NH+](C)CCOC(C1=CC=CC=C1)C2=CC=CC=C2,1,0
C[NH+](C)CCOC(=O)C(C1=CC=CC=C1)C2(CCCC2)O,1,0
C[NH+](C)CCOC1=CC=C(C=C1)/C(=C(/CCCl)\C2=CC=CC=C2)/C3=CC=CC=C3,1,0
C[NH+](C)CCOC1=CC=C(C=C1)CNC(=O)C2=CC(=C(C(=C2)OC)OC)OC,1,0
C[NH+](C/C=C/C1=CC=CC=C1)CC2=CC=CC3=CC=CC=C32,1,0
C[NH+](CC#C)CC1=CC=CC=C1,1,0
C[NH+](CCC1=CC=C(C=C1)NS(=O)(=O)C)CCOC2=CC=C(C=C2)NS(=O)(=O)C,1,0
C[NH+](CCCl)CCCl,1,0
C[NH+]1[C@@H]2CC(C[C@H]1[C@H]3[C@@H]2O3)OC(=O)[C@H](CO)C4=CC=CC=C4,1,0
C[NH+]1[C@@H]2CC[C@@H]1CC(C2)OC(C3=CC=CC=C3)C4=CC=CC=C4,1,0
C[NH+]1[C@@H]2CC[C@H]1CC(C2)OC(=O)C(CO)C3=CC=CC=C3,1,0
C[NH+]1C2CC(CC1C3C2O3)OC(=O)C(CO)C4=CC=CC=C4,1,0
C[NH+]1C[C@H]2[C@H](C1)C3=C(C=CC(=C3)Cl)OC4=CC=CC=C24,1,0
C[NH+]1CC[C@@]23C=C[C@@H](C[C@@H]2OC4=C(C=CC(=C34)C1)OC)O,1,0
C[NH+]1CC[C@@]23CCCC[C@@H]2[C@@H]1CC4=C3C=C(C=C4)OC,1,0
C[NH+]1CC[C@]23[C@@H]4[C@H]1CC5=C2C(=C(C=C5)O)O[C@H]3[C@H](C=C4)O,1,0
C[NH+]1CC[C@]23[C@@H]4[C@H]1CC5=C2C(=C(C=C5)OC)O[C@H]3[C@H](CC4)O,1,0
C[NH+]1CC[C@]23[C@@H]4C(=O)CC[C@]2([C@H]1CC5=C3C(=C(C=C5)O)O4)O,1,0
C[NH+]1CC[C@]23[C@@H]4C(=O)CC[C@]2([C@H]1CC5=C3C(=C(C=C5)OC)O4)O,1,0
C[NH+]1CC[C@]23[C@@H]4[C@H]1CC5=C2C(=C(C=C5)O)O[C@H]3C(=O)CC4,1,0
C[NH+]1CC[C@]23[C@@H]4[C@H]1CC5=C2C(=C(C=C5)OC)O[C@H]3C(=O)CC4,1,0
C[NH+]1CC[C@]23CCCC[C@H]2[C@H]1CC4=C3C=C(C=C4)O,1,0
C[NH+]1CCC(C1)CN2C3=CC=CC=C3SC4=CC=CC=C42,1,0
C[NH+]1CCC(=C2C3=C(C(=O)CC4=CC=CC=C42)SC=C3)CC1,1,0
C[NH+]1CCC(=C2C3=CC=CC=C3C=CC4=CC=CC=C42)CC1,1,0
C[NH+]1CCC(=C2C3=CC=CC=C3CCC4=C2N=CC=C4)CC1,1,0
C[NH+]1CCC(CC1)COC2=C(C=C3C(=C2)N=CN=C3NC4=C(C=C(C=C4)Br)F)OC,1,0
C[NH+]1CCC(CC1)OC(C2=CC=CC=C2)C3=CC=CC=C3,1,0
C[NH+]1CCC2=C3[C@H]1CC4=C(C3=CC=C2)C(=C(C=C4)O)O,1,0
C[NH+]1CCC[C@@H]1CC2=CNC3=C2C=C(C=C3)CCS(=O)(=O)C4=CC=CC=C4,1,0
C[NH+]1CCC[C@H]1C2=CN=CC=C2,1,0
C[NH+]1CCCC(C1)CC2C3=CC=CC=C3SC4=CC=CC=C24,1,0
C[NH+]1CCCC(CC1)N2C(=O)C3=CC=CC=C3C(=N2)CC4=CC=C(C=C4)Cl,1,0
C[NH+]1CCCCC1CCN2C3=CC=CC=C3SC4=C2C=C(C=C4)S(=O)C,1,0
C[NH+]1CCCCC1CCN2C3=CC=CC=C3SC4=C2C=C(C=C4)SC,1,0
C[NH+]1CCN(CC1)C(C2=CC=CC=C2)C3=CC=CC=C3,1,0
C[NH+]1CC[N+](=C2C3=CC=CC=C3NC4=C(N2)C=C(C=C4)Cl)CC1,1,0
C[NH+]1CC[N+](=C2C3=C(C=CC(=C3)Cl)OC4=CC=CC=C4N2)CC1,1,0
C[NH+]1CCN(CC1)CC/C=C\2/C3=CC=CC=C3SC4=C2C=C(C=C4)S(=O)(=O)N(C)C,1,0
C[NH+]1CCN(CC1)CCCN2C3=CC=CC=C3SC4=C2C=C(C=C4)C(F)(F)F,1,0
C[NH+]1CCN(CC1)CCCN2C3=CC=CC=C3SC4=C2C=C(C=C4)Cl,1,0
C[NH+]1CCN2C(C1)C3=CC=CC=C3CC4=C2N=CC=C4,1,0
C[NH2+]/C(=C\[N+](=O)[O-])/NCCSCC1=CC=C(O1)C[NH+](C)C,1,0
C[NH2+][C@@H]1CCC2=C(C1)C3=C(N2)C=CC(=C3)C(=O)N,1,0
C[NH2+][C@H]1CC[C@H](C2=CC=CC=C12)C3=CC(=C(C=C3)Cl)Cl,1,0
C[NH2+]C1(CCCCC1=O)C2=CC=CC=C2Cl,1,0
C[NH2+]C[C@@H]([C@H]([C@@H]([C@@H](CO)O)O)O)O,1,0
C[NH2+]C[C@@H](C1=CC(=C(C=C1)O)O)O,1,0
C[NH2+]C[C@@H](C1=CC(=CC=C1)O)O,1,0
C[NH2+]CC[C@@H](C1=CC=CS1)OC2=CC=CC3=CC=CC=C32,1,0
C[NH2+]CCC(C1=CC=CC=C1)OC2=CC=C(C=C2)C(F)(F)F,1,0
C[NH2+]CCCC12CCC(C3=CC=CC=C31)C4=CC=CC=C24,1,0
C[NH2+]CCCC1C2=CC=CC=C2C=CC3=CC=CC=C13,1,0
C[NH2+]CCCN1C2=CC=CC=C2CCC3=CC=CC=C31,1,0
CC#C[C@@]1(CC[C@@H]2[C@@]1(C[C@@H](C3=C4CCC(=O)C=C4CC[C@@H]23)C5=CC=C(C=C5)N(C)C)C)O,1,0
CC#CCC(C)[C@@H](/C=C/[C@H]1[C@@H](C[C@H]2[C@@H]1C/C(=C/CCCC(=O)[O-])/C2)O)O,1,0
CC#CCN1C2=C(N=C1N3CCC[C@H](C3)[NH3+])N(C(=O)N(C2=O)CC4=NC5=CC=CC=C5C(=N4)C)C,1,0
CC(C)C1CCC(CC1)C(=O)N[C@H](CC2=CC=CC=C2)C(=O)[O-],1,0
CC(C(C)(C)C)N=C(NC#N)NC1=CC=[NH+]C=C1,1,0
CC(C(C1=C(C=CC(=C1)OC)OC)O)[NH3+],1,0
CC(C(=O)[O-])O,1,0
CC(C(=O)C1=CC(=CC=C1)Cl)[NH2+]C(C)(C)C,1,0
CC(C(=O)NCC(=O)[O-])S,1,0
CC(C(=O)O)O.CN1CCN(CC1)C2=CC3=C(C=C2)N=C(N3)C4=C(C5=C(C=CC=C5F)NC4=O)N.O,0,1
CC(C)([C@H](C(=O)[O-])[NH3+])S,1,0
CC(C)(C(=O)[O-])O/N=C(/C1=CSC(=N1)N)\C(=O)N[C@H]2[C@@H]3N(C2=O)C(=C(CS3)C[N+]4=CC=CC=C4)C(=O)[O-],1,0
CC(C)(C(=O)[O-])OC1=CC=C(C=C1)C(=O)C2=CC=C(C=C2)Cl,1,0
CC(C)(C(=O)NCCS(=O)(=O)[O-])OC1=CC=C(C=C1)C(=O)C2=CC=C(C=C2)Cl,1,0
CC(C)(C)[C@@H](C(=O)N[C@@H](CC1=CC=CC=C1)[C@H](CN(CC2=CC=C(C=C2)C3=CC=CC=N3)NC(=O)[C@H](C(C)(C)C)NC(=O)OC)O)NC(=O)OC,1,1
CC(C)(C)[NH2+]C[C@@H](C1=CC(=C(C=C1)O)CO)O,1,0
CC(C)(C)[NH2+]C[C@@H](COC1=CC=CC2=C1CCCC2=O)O,1,0
CC(C)(C)[NH2+]C[C@@H](COC1=CC=CC=C1C2CCCC2)O,1,0
CC(C)(C)[NH2+]CC(C1=CC(=CC(=C1)O)O)O,1,0
CC(C)(C)[NH2+]CC(C1=CC(=C(C=C1)O)CO)O,1,0
CC(C)(C)[NH2+]CC(C1=NC(=C(C=C1)O)CO)O,1,0
CC(C)(C)[NH2+]CC(COC1=CC=CC2=C1C[C@@H]([C@@H](C2)O)O)O,1,0
CC(C)(C)[NH2+]CC(COC1=CC=CC2=C1CCC(=O)N2)O,1,0
CC(C)(C)[NH2+]CC(=O)NC1=CC(=C2C[C@H]3C[C@H]4[C@@H](C(=O)C(=C([C@]4(C(=O)C3=C(C2=C1[O-])[O-])O)[O-])C(=O)N)[NH+](C)C)N(C)C,1,0
CC(C)(C)C#C/C=C/C[NH+](C)CC1=CC=CC2=CC=CC=C21,1,0
CC(C)(C)C(=O)OC1=C(C=C(C=C1)C(C[NH2+]C)O)OC(=O)C(C)(C)C,1,0
CC(C)(C)C1=CC(=CC(=C1O)C(C)(C)C)SC(C)(C)SC2=CC(=C(C(=C2)C(C)(C)C)O)C(C)(C)C,1,0
CC(C)(C)C1=CC=C(C=C1)C(=O)CC(=O)C2=CC=C(C=C2)OC,1,0
CC(C)(C)C1=CC=C(C=C1)C[NH+]2CCN(CC2)C(C3=CC=CC=C3)C4=CC=C(C=C4)Cl,1,0
CC(C)(C)CC(C)(C)C1=CC=C(C=C1)O,1,0
CC(C)(C)NC(=O)[C@@H]1C[C@@H]2CCCC[C@@H]2C[NH+]1C[C@H]([C@H](CC3=CC=CC=C3)NC(=O)[C@H](CC(=O)N)NC(=O)C4=NC5=CC=CC=C5C=C4)O,1,0
CC(C)(C)NC(=O)[C@@H]1CN(CC[NH+]1C[C@H](C[C@@H](CC2=CC=CC=C2)C(=O)N[C@@H]3[C@@H](CC4=CC=CC=C34)O)O)CC5=CN=CC=C5,1,0
CC(C)(C1=CC=C(C=C1)C(CCC[NH+]2CCC(CC2)C(C3=CC=CC=C3)(C4=CC=CC=C4)O)O)C(=O)[O-],1,0
CC(C)(CC1=CC=C(C=C1)Cl)[NH3+],1,0
CC(C)(CC1=CC=CC=C1)[NH2+]C,1,0
CC(C)(CC1=CC=CC=C1)[NH3+],1,0
CC(C)(CO)[C@H](C(=O)NCCC(=O)[O-])O,1,0
CC(C)(CO)[C@H](C(=O)NCCCO)O,1,0
CC(C)[NH+]=C(N)[NH+]=C(N)NC1=CC=C(C=C1)Cl,1,0
CC(C)N=C1C=C2C(=NC3=CC=CC=C3N2C4=CC=C(C=C4)Cl)C=C1NC5=CC=C(C=C5)Cl,1,0
CC(C)[C@@H](C(=O)OCC(CO)OCN1C=NC2=C1N=C(NC2=O)N)[NH3+],1,0
CC(C)[C@@H](C(=O)OCCOCN1C=NC2=C1N=C(NC2=O)N)[NH3+],1,0
CC(C)[C@@H](C(=O)OCCOCN1C=NC2=C1N=C(NC2=O)N)N,0,1
CC(C)[C@@H](CC1=CC(=C(C=C1)OC)OCCCOC)C[C@@H]([C@H](C[C@@H](C(C)C)C(=O)NCC(C)(C)C(=O)N)O)[NH3+],1,0
CC(C)[C@]1(CC(=NO1)C2=NC=CC3=CC=CC=C32)C(=O)N[C@H]4CC(=O)O[C@@]4(CF)O,0,1
CC(C)[N+](C)(CCC(C1=CC=CC=C1)(C2=CC=CC=C2)C(=O)N)C(C)C,1,0
CC(C)[N+](C)(CCOC(=O)C1C2=CC=CC=C2OC3=CC=CC=C13)C(C)C,1,0
CC(C)[N+]1([C@@H]2CC[C@@H]1CC(C2)OC(=O)C(CO)C3=CC=CC=C3)C,1,0
CC(C)[NH+](CCC(C1=CC=CC=C1)(C2=CC=CC=N2)C(=O)N)C(C)C,1,0
CC(C)[NH2+]C(C)CC1=CC=C(C=C1)[123I],1,0
CC(C)[NH2+]C[C@@H](COC1=CC=C(C=C1)CCOCC2CC2)O,1,0
CC(C)[NH2+]CC(C1=CC(=CC(=C1)O)O)O,1,0
CC(C)[NH2+]CC(C1=CC(=C(C=C1)O)O)O,1,0
CC(C)[NH2+]CC(C1=CC=C(C=C1)NS(=O)(=O)C)O,1,0
CC(C)[NH2+]CC(COC1=CC=C(C=C1)CC(=O)N)O,1,0
CC(C)[NH2+]CC(COC1=CC=C(C=C1)CCC(=O)OC)O,1,0
CC(C)[NH2+]CC(COC1=CC=C(C=C1)CCOC)O,1,0
CC(C)[NH2+]CC(COC1=CC=C(C=C1)CCOCC2CC2)O,1,0
CC(C)[NH2+]CC(COC1=CC=C(C=C1)COCCOC(C)C)O,1,0
CC(C)[NH2+]CC(COC1=CC=CC2=C1C=CN2)O,1,0
CC(C)[NH2+]CC(COC1=CC=CC2=CC=CC=C21)O,1,0
CC(C)[NH2+]CC(COC1=CC=CC=C1OCC=C)O,1,0
CC(C)[NH2+]CC1CCC2=CC(=C(C=C2N1)[N+](=O)[O-])CO,1,0
CC(C)[NH2+]CCCC1(C2=CC=CC=C2C3=CC=CC=C31)C(=O)N,1,0
CC(C)C(CCC[NH+](C)CCC1=CC(=C(C=C1)OC)OC)(C#N)C2=CC(=C(C=C2)OC)OC,1,0
CC(C)C(=O)NC1=CC(=C(C=C1)[N+](=O)[O-])C(F)(F)F,1,0
CC(C)C(=O)OC(C)OC(=O)NCC1(CCCCC1)CC(=O)[O-],1,0
CC(C)C(=O)OC1=C(C=C(C=C1)CO)[C@H](CC[NH+](C(C)C)C(C)C)C2=CC=CC=C2,1,0
CC(C)C1=NC(=NC(=C1/C=C/[C@H](C[C@H](CC(=O)[O-])O)O)C2=CC=C(C=C2)F)N(C)S(=O)(=O)C,1,0
CC(C)C1=CC2=C(C=C1)OC3=NC(=C(C=C3C2=O)C(=O)[O-])N,1,0
CC(C)C1=C(C(=CC=C1)C(C)C)NC(=O)C[NH+](CC(=O)[O-])CC(=O)[O-],1,0
CC(C)C1=C(C(=CC=C1)C(C)C)O,1,0
CC(C)C1=C(C(=CC=C1)C(C)C)OCOP(=O)([O-])[O-],1,0
CC(C)C1=NC(=CS1)CN(C)C(=O)N[C@@H](C(C)C)C(=O)N[C@@H](CC2=CC=CC=C2)C[C@@H]([C@H](CC3=CC=CC=C3)NC(=O)OCC4=CN=CS4)O,1,0
CC(C)C[C@@H](C(=O)N[C@@H](CCC[NH+]=C(N)N)C(=O)N1CCC[C@H]1C(=O)NCC(=O)N)NC(=O)CNC(=O)[C@H](CC2=CC=C(C=C2)O)NC(=O)[C@H](CO)NC(=O)[C@H](CC3=CNC4=CC=CC=C43)NC(=O)[C@H](CC5=CN=CN5)NC(=O)[C@@H]6CCC(=O)N6,1,0
CC(C)C[C@@H](C(=O)N[C@@H](CCCN=C(N)N)C(=O)N1CCC[C@H]1C(=O)NNC(=O)N)NC(=O)[C@@H](COC(C)(C)C)NC(=O)[C@H](CC2=CC=C(C=C2)O)NC(=O)[C@H](CO)NC(=O)[C@H](CC3=CNC4=CC=CC=C43)NC(=O)[C@H](CC5=CN=CN5)NC(=O)[C@@H]6CCC(=O)N6,0,1
CC(C)C[C@@H](CC(=O)[O-])C[NH3+],1,0
CC(C)C[C@H]1C(=O)N2CCC[C@H]2[C@]3(N1C(=O)[C@](O3)(C(C)C)NC(=O)[C@H]4C[NH+]([C@@H]5CC6=C(NC7=CC=CC(=C67)C5=C4)Br)C)O,1,0
CC(C)CC(C(=O)NC(CCC[NH+]=C(N)N)C(=O)N1CCCC1C(=O)NNC(=O)N)NC(=O)C(COC(C)(C)C)NC(=O)C(CC2=CC=C(C=C2)O)NC(=O)C(CO)NC(=O)C(CC3=CNC4=CC=CC=C43)NC(=O)C(CC5=CN=CN5)NC(=O)C6CCC(=O)N6,1,0
CC(C)CC(C1(CCC1)C2=CC=C(C=C2)Cl)[NH+](C)C,1,0
CC(C)CC1(C(=O)NC(=O)NC1=O)CC=C,1,0
CC(C)CC1C[NH+]2CCC3=CC(=C(C=C3C2CC1=O)OC)OC,1,0
CC(C)CC1=CC=C(C=C1)C(C)C(=O)[O-],1,0
CC(C)CN1C=NC2=C1C3=CC=CC=C3N=C2N,1,0
CC(C)CNCC1=CC=C(C=C1)C2=CC=CC=C2S(=O)(=O)N3CCCC3,0,1
CC(C)COC(=O)NCCC(=O)N[C@@H](CC1=CNC2=CC=CC=C21)C(=O)N[C@@H](CCSC)C(=O)N[C@@H](CC(=O)[O-])C(=O)N[C@@H](CC3=CC=CC=C3)C(=O)N,1,0
CC(C)NC(=O)C1=CC=C(C=C1)CNNC,1,0
CC(C)NC1=C(N=CC=C1)N2CCN(CC2)C(=O)C3=CC4=C(N3)C=CC(=C4)NS(=O)(=O)C,1,0
CC(C)NCC(COC1=CC=CC2=CC=CC=C21)O,0,1
CC(C)O,1,0
CC(C)OC(=O)C(C)(C)OC1=CC=C(C=C1)C(=O)C2=CC=C(C=C2)Cl,1,0
CC(C)OC(=O)CCC/C=C\C[C@H]1[C@H](C[C@H]([C@@H]1/C=C/[C@H](COC2=CC=CC(=C2)C(F)(F)F)O)O)O,1,0
CC(C)OC(=O)CCC/C=C\C[C@H]1[C@H](C[C@H]([C@@H]1CC[C@H](CCC2=CC=CC=C2)O)O)O,1,0
CC(C)OC(=O)OC(C)OC(=O)C1=C(CS[C@H]2N1C(=O)[C@H]2NC(=O)/C(=N\OC)/C3=CSC(=N3)N)COC,1,0
CC(C)OP(=O)(OC(C)C)F,1,0
CC(C12CC3CC(C1)CC(C3)C2)[NH3+],1,0
CC(C1C(=O)NC(CSSCC(C(=O)NC(C(=O)NC(C(=O)NC(C(=O)N1)CCCC[NH3+])CC2=CNC3=CC=CC=C32)CC4=CC=CC=C4)NC(=O)C(CC5=CC=CC=C5)[NH3+])C(=O)NC(CO)C(C)O)O,1,0
CC(C1=CC(=C(C=C1)C2=CC=CC=C2)F)C(=O)[O-],1,0
CC(C1=CC=C(C=C1)C(=O)C2=CC=CS2)C(=O)[O-],1,0
CC(C1=CC(=CC=C1)C(=O)C2=CC=CC=C2)C(=O)[O-],1,0
CC(C1=CC(=CC=C1)OC2=CC=CC=C2)C(=O)[O-],1,0
CC(C1=CC=CC=C1)(C2=CC=CC=N2)OCC[NH+](C)C,1,0
CC(C[N+](C)(C)C)OC(=O)C,1,0
CC(C[N+](C)(C)C)OC(=O)N,1,0
CC(C[NH2+]C1CCCCC1)OC(=O)C2=CC=CC=C2,1,0
CC(CC1=CC=C(C=C1)O)[NH3+],1,0
CC(CC1=CC=C(C=C1)OC)[NH2+]CC(C2=CC(=C(C=C2)O)NC=O)O,1,0
CC(CC1=CC2=C(C=C1)OCO2)[NH2+]CC(C3=CC(=C(C=C3)O)O)O,1,0
CC(CC1=CC=CC=C1)[NH+](C)CC2=CC=CC=C2,1,0
CC(CC1=CC=CC=C1)[NH2+]C,1,0
CC(CC1=CC=CC=C1)[NH3+],1,0
CC(CCC1=CC=C(C=C1)O)[NH2+]CCC2=CC(=C(C=C2)O)O,1,0
CC(CCC1=CC=CC=C1)[NH2+]CC(C2=CC(=C(C=C2)O)C(=O)N)O,1,0
CC(CCC[NH3+])NC1=C2C(=CC(=C1)OC)C=CC=N2,1,0
CC(CN(C1=C(C=C(C(=C1I)N)I)I)C(=O)C)C(=O)[O-],1,0
CC(CN1C2=CC=CC=C2CCC3=CC=CC=C31)C[NH+](C)C,1,0
CC(CN1C2=CC=CC=C2SC3=CC=CC=C31)[NH+](C)C,1,0
CC(CN1C2=CC=CC=C2SC3=CC=CC=C31)C[NH+](C)C,1,0
CC(CN1CC[NH+](CCN(CCN(CC1)CC(=O)[O-])CC(=O)[O-])CC(=O)[O-])O,1,0
CC(COC1=CC=CC=C1)[NH+](CCCl)CC2=CC=CC=C2,1,0
CC(CS(=O)(=O)C1=CC=C(C=C1)F)(C(=O)NC2=CC(=C(C=C2)C#N)C(F)(F)F)O,1,0
CC(O)(P(=O)([O-])[O-])P(=O)([O-])[O-],1,0
CC(=O)[C@]1(CC[C@@H]2[C@@]1(C[C@@H](C3=C4CCC(=O)C=C4CC[C@@H]23)C5=CC=C(C=C5)N(C)C)C)OC(=O)C,1,0
CC(=O)[C@H]1CC[C@@H]2[C@@]1(CC[C@@H]3[C@H]2C=CC4=CC(=O)CC[C@@]34C)C,1,0
CC(=O)[C@H]1CC[C@@H]2[C@@]1(CC[C@H]3[C@H]2CCC4=CC(=O)CC[C@]34C)C,1,0
CC(=NS(=O)(=O)C1=CC=C(C=C1)N)[O-],1,0
CC(=O)[O-],1,0
CC(=O)C1=CC(=C(C=C1)OCCC[NH+]2CCC(CC2)C3=NOC4=C3C=CC(=C4)F)OC,1,0
CC(=O)C1=CC=C(C=C1)S(=O)(=O)NC(=NC2CCCCC2)[O-],1,0
CC(=O)C1=CC2=C(C=C1)SC3=CC=CC=C3N2CCC[NH+]4CCC(CC4)CCO,1,0
CC(=O)C1=CC2=C(C=C1)SC3=CC=CC=C3N2CCCN4CC[NH+](CC4)CCO,1,0
CC(=O)CC(C1=CC=CC=C1)C2=C(C3=CC=CC=C3OC2=O)[O-],1,0
CC(=O)CCC1=CC2=C(C=C1)C=C(C=C2)OC,1,0
CC(=O)CCCCN1C(=O)C2=C(N=CN2C)N(C1=O)C,1,0
CC(=O)N(CC(CN(C1=C(C(=C(C(=C1I)C(=O)NCC(CO)O)I)C(=O)NCC(CO)O)I)C(=O)C)O)C2=C(C(=C(C(=C2I)C(=O)NCC(CO)O)I)C(=O)NCC(CO)O)I,1,0
CC(=O)N(CC(CO)O)C1=C(C(=C(C(=C1I)C(=O)NCC(CO)O)I)C(=O)NCC(CO)O)I,1,0
CC(=O)N(CC(CO)O)C1=C(C(=C(C(=C1I)C(=O)NCC(CO)O)I)C(=O)NCCO)I,1,0
CC(=O)N(CCCCCNC(=O)CCC(=O)N(CCCCCNC(=O)CCC(=O)N(CCCCC[NH3+])O)O)O,1,0
CC(=O)N[C@@H](CS)C(=O)[O-],1,0
CC(=O)N[C@@H]1[C@H]([C@H]([C@H](O[C@H]1O)OS(=O)(=O)[O-])O)O[C@H]2[C@@H]([C@H]([C@@H]([C@H](O2)C(=O)[O-])O)O)O,1,0
CC(=O)N[C@H](COC)C(=O)NCC1=CC=CC=C1,1,0
CC(=O)N[C@H]1CCC2=CC(=C(C(=C2C3=CC=C(C(=O)C=C13)OC)OC)OC)OC,1,0
CC(=O)NC1=C(C(=C(C(=C1I)C(=O)[O-])I)C(=O)NC)I,1,0
CC(=O)NC1=C(C(=C(C(=C1I)C(=O)[O-])I)N(C)C(=O)C)I,1,0
CC(=O)NC1=C(C(=C(C(=C1I)C(=O)N[C@@H]2[C@H]([C@@H]([C@H](OC2O)CO)O)O)I)N(C)C(=O)C)I,1,0
CC(=O)NC1=C(C(=C(C(=C1I)C(=O)[O-])I)NC(=O)C)I,1,0
CC(=O)NC1=C(C=C(C(=C1I)C(=O)[O-])I)I,1,0
CC(=O)NC1=CC=C(C=C1)O,1,0
CC(=O)NC[C@H]1CN(C(=O)O1)C2=CC(=C(C=C2)N3CCOCC3)F,1,0
CC(=O)NCC1=C(C(=C(C(=C1I)NC(=O)C)I)C(=O)[O-])I,1,0
CC(=O)NCCCS(=O)(=O)[O-],1,0
CC(=O)NO,1,0
CC(=O)O[C@@H]1[C@@H](SC2=CC=CC=C2N(C1=O)CC[NH+](C)C)C3=CC=C(C=C3)OC,1,0
CC(=O)O[C@]1(CC[C@@H]2[C@@]1(CC[C@H]3[C@H]2CCC4=CC(=O)CC[C@H]34)C)C#C,1,0
CC(=O)O[C@H]1C[C@@H]2CC[C@@H]3[C@@H]([C@]2(C[C@@H]1N4CC[N+](CC4)(C)C)C)CC[C@]5([C@H]3C[C@@H]([C@@H]5OC(=O)C)N6CC[N+](CC6)(C)C)C,1,0
CC(=O)O[C@H]1CC2=CC=CC=C2N(C3=CC=CC=C13)C(=O)N,0,1
CC(=O)O[C@H]1CC[C@@H]2[C@H]3CC[C@]4([C@H]([C@@H]3CCC2=C1)CC[C@]4(C#C)OC(=O)C)C,1,0
CC(=O)OC1=CC2=C(S1)CC[NH+](C2)C(C3=CC=CC=C3F)C(=O)C4CC4,1,0
CC(=O)OC1=CC=C(C=C1)C(C2=CC=C(C=C2)OC(=O)C)C3=CC=CC=N3,1,0
CC(=O)OC1=CC=CC=C1C(=O)[O-],1,0
CC(=O)OC1=CC=CC=C1C(=O)O,0,1
CC(=O)OCC(CCN1C=NC2=CN=C(N=C21)N)COC(=O)C,1,0
CC(=O)OCC(=O)[C@@]12[C@@H](C[C@@H]3[C@@]1(C[C@@H]([C@]4([C@H]3C[C@@H](C5=CC(=O)C=C[C@@]54C)F)F)O)C)OC(O2)(C)C,1,0
CC(=O)OCC(=O)[C@@]12[C@@H](C[C@@H]3[C@@]1(C[C@@H]([C@]4([C@H]3CCC5=CC(=O)C=C[C@@]54C)F)O)C)OC6(O2)CCCC6,1,0
CC(=O)OCC(=O)[C@]1(CC[C@@H]2[C@@]1(C[C@@H]([C@]3([C@H]2CCC4=CC(=O)CC[C@@]43C)F)O)C)O,1,0
CC(=O)OCC(=O)[C@]1(CC[C@@H]2[C@@]1(C[C@@H]([C@H]3[C@H]2CCC4=CC(=O)CC[C@]34C)O)C)O,1,0
CC(=O)OCC(=O)[C@]1(CC[C@@H]2[C@@]1(CC(=O)[C@H]3[C@H]2CCC4=CC(=O)CC[C@]34C)C)O,1,0
CC(=O)OCC(=O)[C@H]1CC[C@@H]2[C@@]1(CC[C@H]3[C@H]2CCC4=CC(=O)CC[C@]34C)C,1,0
CC(=O)OCC1=C(N2[C@@H]([C@@H](C2=O)NC(=O)[C@@H](C3=CC=CC=C3)[NH3+])SC1)C(=O)[O-],1,0
CC(=O)OCC1=C(N2[C@@H]([C@@H](C2=O)NC(=O)CC3=CC=CS3)SC1)C(=O)[O-],1,0
CC(=O)OCC1=C(N2[C@@H]([C@@H](C2=O)NC(=O)CSC3=CC=NC=C3)SC1)C(=O)[O-],1,0
CC(=O)OCC[N+](C)(C)C,1,0
CC(=O)S[C@@H]1CC2=CC(=O)CC[C@@]2([C@@H]3[C@@H]1[C@@H]4CC[C@]5([C@]4(CC3)C)CCC(=O)O5)C,1,0
CC(OC(=O)C)OC(=O)C1=C(CS[C@H]2N1C(=O)[C@H]2NC(=O)/C(=N\OC)/C3=CC=CO3)COC(=O)N,1,0
CC/C(=C(/CC)\C1=CC=C(C=C1)O)/C2=CC=C(C=C2)O,1,0
CC/C(=C(/CC)\C1=CC=C(C=C1)OP(=O)([O-])[O-])/C2=CC=C(C=C2)OP(=O)([O-])[O-],1,0
CC/C(=C(\C1=CC=CC=C1)/C2=CC=C(C=C2)OCC[NH+](C)C)/C3=CC=CC=C3,1,0
CC1([C@@H](N2[C@H](S1(=O)=O)CC2=O)C(=O)[O-])C,1,0
CC1([C@@H](N2[C@H](S1)[C@@H](C2=O)NC=[N+]3CCCCCC3)C(=O)[O-])C,1,0
CC1([C@@H](N2[C@H](S1)[C@@H](C2=O)N3C(=O)[C@H]([NH2+]C3(C)C)C4=CC=CC=C4)C(=O)[O-])C,1,0
CC1([C@@H](N2[C@H](S1)[C@@H](C2=O)NC(=O)[C@@H](C3=CC=C(C=C3)O)[NH3+])C(=O)[O-])C,1,0
CC1([C@@H](N2[C@H](S1)[C@@H](C2=O)NC(=O)[C@@H](C3=CC=CC=C3)[NH3+])C(=O)[O-])C,1,0
CC1([C@@H](N2[C@H](S1)[C@@H](C2=O)NC(=O)[C@@H](C3=CSC=C3)C(=O)[O-])C(=O)[O-])C,1,0
CC1([C@@H](N2[C@H](S1)[C@@H](C2=O)NC(=O)C(C3=CC=CC=C3)C(=O)[O-])C(=O)[O-])C,1,0
CC1([C@@H](N2[C@H](S1)[C@@H](C2=O)NC(=O)C3(CCCCC3)[NH3+])C(=O)[O-])C,1,0
CC1([C@@H](N2[C@H](S1)[C@@H](C2=O)NC(=O)C3=C(C=CC=C3OC)OC)C(=O)[O-])C,1,0
CC1([C@@H](N2[C@H](S1)[C@@H](C2=O)NC(=O)CC3=CC=CC=C3)C(=O)[O-])C,1,0
CC1([C@@H](N2[C@H](S1)[C@@H](C2=O)NC(=O)COC3=CC=CC=C3)C(=O)[O-])C,1,0
CC1([C@@H]2[C@H]1[C@H](N(C2)C(=O)[C@H](C(C)(C)C)NC(=O)NC(C)(C)C)C(=O)NC(CC3CCC3)C(=O)C(=O)N)C,1,0
CC1(C([NH2+]C(S1)C(C(=O)NCCCCCC(=O)[O-])NC(=O)CC2=CC=CC=C2)C(=O)[O-])C,1,0
CC1(C(=C)N(C2=CC=CC=C21)CCCCCC(=O)O)C,0,1
CC1(C(=O)N(C(=O)N1)C2=CC(=C(C=C2)[N+](=O)[O-])C(F)(F)F)C,1,0
CC1(C(=O)N(C(=O)O1)C)C,1,0
CC1(C2(C(=O)/C(=C\C3=CC=C(C=C3)/C=C/4\C(=O)C5(C(C4CC5)(C)C)CS(=O)(=O)[O-])/C1CC2)CS(=O)(=O)[O-])C,1,0
CC1(C2CCC(C2)C1(C)[NH2+]C)C,1,0
CC1(C[C@@H]1C(=O)N/C(=C\CCCCSC[C@@H](C(=O)[O-])[NH3+])/C(=O)[O-])C,1,0
CC1(CC(C1)C2=NC(=C3N2C=CN=C3N)C4=CC5=C(C=C4)C=CC(=N5)C6=CC=CC=C6)O,0,1
CC1(CC(=O)N(C1=O)C)C2=CC=CC=C2,1,0
CC12CC3CC(C1)(CC(C3)(C2)[NH3+])C,1,0
CC12CCC3C(C1CCC2C(=O)COC(=O)C(C)(C)C)CCC4=CC(=O)CCC34C,1,0
C=C1[C@H](C[C@@H]([C@H]1CO)O)N2C=NC3=C2N=C(NC3=O)N,1,0
CC1=[N+]2C(=CN1)CN=C(C3=C2C=CC(=C3)Cl)C4=CC=CC=C4F,1,0
CC1=NC2=C(N1)CCN(C3=CC=CC=C32)C(=O)C4=CC=C(C=C4)NC(=O)C5=CC=CC=C5C6=CC=CC=C6,1,0
CC1=C(C(=C(C(=C1C(=O)[O-])I)NC(=O)C)I)C(=O)NC,1,0
CC1=C(C(C(=C(N1)C)C(=O)OCC[NH+](C)CC2=CC=CC=C2)C3=CC(=CC=C3)[N+](=O)[O-])C(=O)OC,1,0
CC1=C2COC(=O)C2=C(C(=C1OC)C/C=C(\C)/CCC(=O)OCCN3CCOCC3)O,0,1
CC1=C(C(=C(C2=C1O[C@](CC2)(C)CCC[C@H](C)CCC[C@H](C)CCCC(C)C)C)OC(=O)C)C,1,0
CC1=C(C(=C(C2=C1OC(CC2)(C)CCCC(C)CCCC(C)CCCC(C)C)C)OC(=O)C)C,1,0
CC1=NC=C(C(=C1O)CO)CO,1,0
CC1=NC=C(C(=C1O)C[NH+](CCN(CC2=C(C(=NC=C2COP(=O)([O-])[O-])C)O)CC(=O)[O-])CC(=O)[O-])COP(=O)([O-])[O-],1,0
CC1=C(C(CCC1)(C)C)/C=C/C(=C/C=C/C(=C/C(=O)[O-])/C)/C,1,0
CC1=C(C(CCC1)(C)C)/C=C/C(=C/C=C/C(=C/CO)/C)/C,1,0
CC1=C(C(CCC1)(C)C)/C=C/C(=C/C=C/C(=C\C(=O)[O-])/C)/C,1,0
CC1=C(C(CCC1)(C)C)/C=C/C(=C\C=C\C(=C\C(=O)[O-])\C)/C,1,0
CC1=C(C(=CC=C1)C)N(CC(=O)NC2=CC=C(C=C2)C3=NOC=N3)C(=O)C4CCS(=O)(=O)CC4,0,1
CC1=C(C(=CC=C1)Cl)NC(=O)C2=CN=C(S2)NC3=CC(=NC(=N3)C)N4CCN(CC4)CCO,0,1
CC1=C(C(=NO1)C2=C(C=CC=C2Cl)Cl)C(=O)N[C@H]3[C@@H]4N(C3=O)[C@H](C(S4)(C)C)C(=O)[O-],1,0
CC1=C(C(=NO1)C2=CC=CC=C2)C(=O)N[C@H]3[C@@H]4N(C3=O)[C@H](C(S4)(C)C)C(=O)[O-],1,0
CC1=C(C(=NO1)C2=CC=CC=C2)C3=CC=C(C=C3)S(=O)(=O)N,1,0
CC1=C(C(=NO1)C2=CC=CC=C2Cl)C(=O)N[C@H]3[C@@H]4N(C3=O)[C@H](C(S4)(C)C)C(=O)[O-],1,0
CC1=C(C(=O)C2=C(C1=O)[NH+]3C[C@H]4[C@@H]([C@@]3([C@@H]2COC(=O)N)OC)N4)[NH3+],1,0
CC1=C(C(=O)C2=C(C1=O)N3C[C@H]4[C@@H]([C@@]3([C@@H]2COC(=O)N)OC)N4)N,0,1
CC1=C(C(=O)C2=CC=CC=C2C1=O)C/C=C(\C)/CCC[C@H](C)CCC[C@H](C)CCCC(C)C,1,0
CC1=C(C(=O)N2CCCC(C2=N1)O)CC[NH+]3CCC(CC3)C4=NOC5=C4C=CC(=C5)F,1,0
CC1=C(C(=O)N2CCCCC2=N1)CC[NH+]3CCC(CC3)C4=NOC5=C4C=CC(=C5)F,1,0
CC1=C(C(=O)N2CCCCC2=N1)CCN3CCC(CC3)C4=NOC5=C4C=CC(=C5)F,0,1
CC1=C(C2=C(CC[C@@](O2)(C)CCC[C@H](C)CCC[C@H](C)CCCC(C)C)C(=C1O)C)C,1,0
CC1=C(C2=C(CCC(O2)(C)COC3=CC=C(C=C3)CC4C(=O)N=C(S4)[O-])C(=C1O)C)C,1,0
C[C@H]1/C=C/C=C(\C(=O)NC2=C(C(=C3C(=C2O)C(=C(C4=C3C(=O)[C@](O4)(O/C=C/[C@@H]([C@H]([C@H]([C@@H]([C@@H]([C@@H]([C@H]1O)C)O)C)OC(=O)C)C)OC)C)C)O)O)/C=N/N5CC[NH+](CC5)C)/C,1,0
C[C@H]1/C=C/C=C(\C(=O)NC2=C(C(=C3C(=C2O)C(=C(C4=C3C(=O)[C@](O4)(O/C=C/[C@@H]([C@H]([C@H]([C@@H]([C@@H]([C@@H]([C@H]1O)C)O)C)OC(=O)C)C)OC)C)C)O)O)/C=N/N5CC[NH+](CC5)C6CCCC6)/C,1,0
C[C@H]1/C=C/C=C(\C(=O)NC2=C3C(=NC4([NH2+]3)CC[NH+](CC4)CC(C)C)C5=C(C2=O)C(=C(C6=C5C(=O)[C@](O6)(O/C=C/[C@@H]([C@H]([C@H]([C@@H]([C@@H]([C@@H]([C@H]1O)C)O)C)OC(=O)C)C)OC)C)C)[O-])/C,1,0
CC1=C(C2=C(N1C(=O)C3=CC=C(C=C3)Cl)C=CC(=C2)OC)CC(=O)[O-],1,0
CC1=C(C=C(C(=O)N1)C#N)C2=CC=NC=C2,1,0
CC1=C(C=C(C=C1)C(=O)NC2=CC(=C(C=C2)CN3CCN(CC3)C)C(F)(F)F)C#CC4=CN=C5N4N=CC=C5,0,1
C[C@@H]1[C@H]([C@@H](C[C@@H](O1)O[C@@H]2C[C@@H](O[C@@H]([C@H]2O)C)OC3=CC4=CC5=C(C(=O)[C@H]([C@@H](C5)[C@@H](C(=O)[C@H]([C@@H](C)O)O)OC)O[C@H]6C[C@H]([C@@H]([C@H](O6)C)O)O[C@H]7C[C@H]([C@H]([C@H](O7)C)O)O[C@H]8C[C@]([C@@H]([C@H](O8)C)O)(C)O)C(=C4C(=C3C)[O-])O)O)O,1,0
CC1=C(C=CC(=C1)C2=CC(=C(C=C2)N/N=C\3/C(=O)C4=C(C=C3S(=O)(=O)[O-])C=C(C=C4N)S(=O)(=O)[O-])C)N/N=C\5/C(=O)C6=C(C=C5S(=O)(=O)[O-])C=C(C=C6N)S(=O)(=O)[O-],1,0
CC1=C(C=CC2=C1OC(=O)C(=C2[O-])NC(=O)C3=CC(=C(C=C3)O)CC=C(C)C)O[C@H]4[C@@H]([C@@H]([C@H](C(O4)(C)C)OC)OC(=O)N)O,1,0
CC1=C(C=CC=C1O)C(=O)N[C@@H](CSC2=CC=CC=C2)[C@@H](C[NH+]3C[C@H]4CCCC[C@H]4C[C@H]3C(=O)NC(C)(C)C)O,1,0
CC1=C(C=CN=C1C[S@@](=O)C2=NC3=CC=CC=C3N2)OCC(F)(F)F,1,0
CC1=C(C=CN=C1CS(=O)C2=NC3=CC=CC=C3N2)OCC(F)(F)F,1,0
CC1=C(C=CN=C1CS(=O)C2=NC3=CC=CC=C3N2)OCCCOC,1,0
CC1=C(C=NO1)C(=O)NC2=CC=C(C=C2)C(F)(F)F,1,0
CC1=C(N2[C@@H]([C@@H](C2=O)NC(=O)[C@@H](C3=CCC=CC3)[NH3+])SC1)C(=O)[O-],1,0
CC1=C(N=C(N=C1N)[C@H](CC(=O)N)[NH2+]C[C@@H](C(=O)N)N)C(=O)N[C@@H]([C@H](C2=CN=CN2)O[C@H]3[C@H]([C@H]([C@@H]([C@@H](O3)CO)O)O)O[C@@H]4[C@H]([C@H]([C@@H]([C@H](O4)CO)O)OC(=O)N)O)C(=O)N[C@H](C)[C@H]([C@H](C)C(=O)N[C@@H]([C@@H](C)O)C(=O)NCCC5=NC(=CS5)C6=NC(=CS6)C(=O)NCCC[S+](C)C)O,1,0
CC1=C(N=CN1)CSCCNC(=NC)NC#N,1,0
CC1=C(ON=C1C)[N-]S(=O)(=O)C2=CC=C(C=C2)N,1,0
CC1=C(ON=C1C)N(C(=O)C)S(=O)(=O)C2=CC=C(C=C2)N,1,0
CC1=C(OC2=C(C1=O)C=CC=C2C(=O)OCC[NH+]3CCCCC3)C4=CC=CC=C4,1,0
CC1C(OCC[NH2+]1)C2=CC=CC=C2,1,0
CC1=C(SC(=N1)C2=CC(=C(C=C2)OCC(C)C)C#N)C(=O)[O-],1,0
CC1=C2[C@H](C(=O)[C@@]3([C@H](C[C@@H]4[C@]([C@H]3[C@@H]([C@@](C2(C)C)(C[C@@H]1OC(=O)[C@@H]([C@H](C5=CC=CC=C5)NC(=O)C6=CC=CC=C6)O)O)OC(=O)C7=CC=CC=C7)(CO4)OC(=O)C)O)C)OC(=O)C,1,1
CC1=C2[C@H](C(=O)[C@@]3([C@H](C[C@@H]4[C@]([C@H]3[C@@H]([C@@](C2(C)C)(C[C@@H]1OC(=O)[C@@H]([C@H](C5=CC=CC=C5)NC(=O)OC(C)(C)C)O)O)OC(=O)C6=CC=CC=C6)(CO4)OC(=O)C)O)C)O,1,1
CC1=C2[C@H](C(=O)[C@@]3([C@H](C[C@@H]4[C@]([C@H]3[C@@H]([C@@](C2(C)C)(C[C@@H]1OC(=O)[C@@H]([C@H](C5=CC=CC=C5)NC(=O)OC(C)(C)C)O)O)OC(=O)C6=CC=CC=C6)(CO4)OC(=O)C)OC)C)OC,1,0
CC1=C2COC(=O)C2=C(C(=C1OC)C/C=C(\C)/CCC(=O)[O-])[O-],1,0
CC1=C2COC(=O)C2=C(C(=C1OC)C/C=C(\C)/CCC(=O)OCC[NH+]3CCOCC3)[O-],1,0
CC1=C(C2=CC3=NC(=CC4=NC(=CC5=C(C(=C(N5)C=C1N2)C(C)OC(C)C6=C(C7=CC8=C(C(=C(N8)C=C9C(=C(C(=N9)C=C1C(=C(C(=N1)C=C6N7)C)CCC(=O)[O-])CCC(=O)[O-])C)C)C(C)O)C)C)C(=C4CCC(=O)[O-])C)C(=C3C)CCC(=O)[O-])C(C)O,1,0
CC1=C(C2=CC3=NC(=CC4=C(C(=C(N4)C=C5[C@@]6([C@@H](C(=CC=C6C(=N5)C=C1N2)C(=O)OC)C(=O)OC)C)C)CCC(=O)OC)C(=C3C)CCC(=O)[O-])C=C,1,0
CC1=C[C@@H]2[C@H](CC[C@]3([C@H]2CC[C@@]3(C(=O)C)OC(=O)C)C)[C@@]4(C1=CC(=O)CC4)C,1,0
CC1=CNN=C1,1,0
CC1=CC(=C(C(=C1/C=C/C(=C/C=C/C(=C/C(=O)[O-])/C)/C)C)C)OC,1,0
CC1=CC(=C(C(=C1CC2=[NH+]CCN2)C)O)C(C)(C)C,1,0
CC1=CC(=C(C(=C1NC(=O)C[NH+](CC(=O)[O-])CC(=O)[O-])C)Br)C,1,0
CC1=CC(=C(C(=C1OC(=O)C)C)C)OCC(C[NH2+]C(C)C)O,1,0
CC1=CC(=O)C(=CN1)C(=O)N[C@H](C2=CC=C(C=C2)O)C(=O)N[C@H]3[C@@H]4N(C3=O)C(=C(CS4)CSC5=NN=NN5C)C(=O)[O-],1,0
CC1=CC(=C(N1C2=CC=CC=C2)C)/C=C/C3=[N+](C4=C(C=C3)C=C(C=C4)N(C)C)C,1,0
CC1=C(C2=CC=CC=C2C(=C1)OP(=O)([O-])[O-])OP(=O)([O-])[O-],1,0
CC1=CC(=CC(=C1)OCC2CNC(=O)O2)C,1,0
CC1=CC(=CC(=C1NC2=NC(=NC=C2)NC3=CC=C(C=C3)C#N)C)/C=C/C#N,1,0
CC1=CC(=CC(=C1OC2=NC(=NC(=C2Br)N)NC3=CC=C(C=C3)C#N)C)C#N,1,0
CC1=CC(=NC(=N1)O[C@H](C(=O)[O-])C(C2=CC=CC=C2)(C3=CC=CC=C3)OC)C,1,0
CC1=CC(=NO1)C(=O)NNCC2=CC=CC=C2,1,0
CC1=CC(=O)C2=CC=CC=C2C1=O,1,0
CC1=CC2=C(C=C1C(=C)C3=CC=C(C=C3)C(=O)[O-])C(CCC2(C)C)(C)C,1,0
CC1=CC2=C(C=C1C)N(C3=NC(=O)NC(=O)C3=N2)C[C@@H]([C@@H]([C@@H](CO)O)O)O,1,0
CC1=CC2=C(C=C1C)N(C3=NC(=O)NC(=O)C3=N2)C[C@@H]([C@@H]([C@@H](COP(=O)([O-])[O-])O)O)O,1,0
CC1=CC2=C(C=C1C)N(C=N2)[C@@H]3[C@@H]([C@@H]([C@H](O3)CO)OP(=O)([O-])O[C@@H](C)CNC(=O)CC[C@@]4([C@H](C5[C@]6([C@@]([C@@H](C(=N6)/C(=C\7/[C@@]([C@@H](/C(=C/C8=N/C(=C(\C4=N5)/C)/[C@H](C8(C)C)CCC(=O)N)/N7)CCC(=O)N)(C)CC(=O)N)/C)CCC(=O)N)(C)CC(=O)N)C)CC(=O)N)C)O,1,0
CC1=CC2=C(S1)NC3=CC=CC=C3N=C2N4CC[NH+](CC4)C,1,0
CC1=CC2=C(S1)NC3=CC=CC=C3NC2=[N+]4CC[NH+](CC4)C,1,0
C=C1CC[C@]2([C@H]3CC4=C5[C@]2([C@H]1OC5=C(C=C4)O)CC[NH+]3CC6CC6)O,1,0
CC1=CC(=C(C=C1)O)[C@H](CC[NH+](C(C)C)C(C)C)C2=CC=CC=C2,1,0
CC1=CC(=C(C=C1)C)OCCCC(C)(C)C(=O)[O-],1,0
CC1=C(C(=C(C=C1)Cl)NC2=CC=CC=C2C(=O)[O-])Cl,1,0
CC1=CC=C(C=C1)/C(=C\C[NH+]2CCCC2)/C3=CC=CC(=N3)/C=C/C(=O)[O-],1,0
CC1=CC=C(C=C1)/C(=C\C[NH+]2CCCC2)/C3=CC=CC=N3,1,0
CC1=CC=C(C=C1)C(=O)C2=CC=C(N2C)CC(=O)[O-],1,0
CC1=CC=C(C=C1)C2=C(N3C=C(C=CC3=N2)C)CC(=O)N(C)C,1,0
CC1=CC=C(C=C1)C2=CC(=NN2C3=CC=C(C=C3)S(=O)(=O)N)C(F)(F)F,1,1
CC1=CC=C(C=C1)N(CC2=[NH+]CCN2)C3=CC(=CC=C3)O,1,0
CC1=CC=C(C=C1)S(=O)(=O)NC(=N[NH+]2CCCCCC2)[O-],1,0
CC1=CC=C(C=C1)S(=O)(=O)O.CNC(=O)C1=NC=CC(=C1)OC2=CC=C(C=C2)NC(=O)NC3=CC(=C(C=C3)Cl)C(F)(F)F,0,1
CC1=C(C=C(C=C1)NC2=NC=CC(=N2)N(C)C3=CC4=NN(C(=C4C=C3)C)C)S(=O)(=O)N,1,0
CC1=CC(=CC=C1)C[NH+]2CCN(CC2)C(C3=CC=CC=C3)C4=CC=C(C=C4)Cl,1,0
CC1=CC(=CC=C1)NC2=C(C=NC=C2)S(=O)(=O)NC(=NC(C)C)[O-],1,0
CC1=C(C(=CC=C1)NC2=CC=CC=C2C(=O)[O-])C,1,0
CC1=C(C(=CC=C1)C)NC(=O)C(C)[NH3+],1,0
CC1=C(C(=CC=C1)C)NC(=O)C2CCCC[NH+]2C,1,0
CC1=C(C(=CC=C1)Cl)NC(=O)C2=CN=C(S2)NC3=CC(=NC(=N3)C)N4CC[NH+](CC4)CCO,1,0
CC1=C(C(=CC=C1)C)NC(=O)C[NH+](CC(=O)[O-])CC(=O)[O-],1,0
CC1=C(C(=CC=C1)C)NC(=O)C[NH+]2CCN(CC2)CC(COC3=CC=CC=C3OC)O,1,0
CC1=C(C(=CC=C1)C)OCC(C)[NH3+],1,0
CC1=CC=CC=C1C(C2=CC=CC=C2)OCC[NH+](C)C,1,0
CC1=CC=CC=C1C(=O)NC2=CC(=C(C=C2)C(=O)N3CCCC(C4=C3C=CC(=C4)Cl)O)C,1,0
CC1=CC=CC=C1N2CC[NH+](CC2)CCC3=NN=C4N3CCCC4,1,0
CC1=CC=CC=C1O[C@H](CC[NH2+]C)C2=CC=CC=C2,1,0
CC1=CC=CC=C1S(=O)(=O)N=C(C2=CC(=C(C=C2)CC3=CN(C4=C3C=C(C=C4)NC(=O)OC5CCCC5)C)OC)[O-],1,0
CC1=CC=CN2C1=NC=C(C2=O)C3=NN=N[N-]3,1,0
CC1=NC(=NC=C1)[N-]S(=O)(=O)C2=CC=C(C=C2)N,1,0
CC1=C(SC=C1)C(=CCC[NH+]2CCC[C@H](C2)C(=O)[O-])C3=C(C=CS3)C,1,0
CC1=CN(C(=O)NC1=O)[C@@H]2C[C@H]([C@@H](O2)CO)O,1,0
CC1=CN(C(=O)NC1=O)[C@H]2C[C@@H]([C@H](O2)CO)N=[N+]=[N-],1,0
CC1=CN(C(=O)NC1=O)[C@H]2C=C[C@H](O2)CO,1,0
CC1=CN=C(C(=C1OC)C)CS(=O)C2=NC3=C(N2)C=C(C=C3)OC,1,0
CC1=CN=C(C=N1)C(=O)NCCC2=CC=C(C=C2)S(=O)(=O)NC(=NC3CCCCC3)[O-],1,0
CC1=CN=C(S1)NC(=O)C2=C(C3=CC=CC=C3S(=O)(=O)N2C)O,1,0
C[C@H]1CCC[C@@]2([C@@H](O2)C[C@H](NC(=O)C[C@@H](C(C(=O)[C@@H]([C@H]1O)C)(C)C)O)/C(=C/C3=CSC(=N3)C)/C)C,1,0
CC1=NC=C(N1CCO)[N+](=O)[O-],1,0
CC1=NN=C(O1)C(=O)NC(C)(C)C2=NC(=C(C(=O)N2C)[O-])C(=O)NCC3=CC=C(C=C3)F,1,0
CC1=NN=C(S1)[N-]S(=O)(=O)C2=CC=C(C=C2)N,1,0
CC1=NN=C(S1)SCC2=C(N3[C@@H]([C@@H](C3=O)NC(=O)CN4C=NN=N4)SC2)C(=O)[O-],1,0
CC1=NN=C2N1C3=C(C=C(C=C3)Cl)C(=NC2)C4=CC=CC=C4,1,0
CC1=NN=C2N1C3=C(C=C(C=C3)Cl)C(=NC2)C4=CC=CC=C4Cl,1,0
CC1=NS(=O)(=O)C2=C(N1)C=CC(=C2)Cl,1,0
CC[C@@]1(C[C@@H]2C[C@@](C3=C(CCN(C2)C1)C4=CC=CC=C4N3)(C5=C(C=C6C(=C5)[C@]78CCN9[C@H]7[C@@](C=CC9)([C@H]([C@@]([C@@H]8N6C=O)(C(=O)OC)O)OC(=O)C)CC)OC)C(=O)OC)O,0,1
CC[C@@]1(C[C@@H]2C[C@@](C3=C(CCN(C2)C1)C4=CC=CC=C4N3)(C5=C(C=C6C(=C5)[C@]78CCN9[C@H]7[C@@](C=CC9)([C@H]([C@@]([C@@H]8N6C=O)(C(=O)OC)O)OC(=O)C)CC)OC)C(=O)OC)O.OS(=O)(=O)O,0,1
CC[C@@]1(CC[C@@H]2[C@@]1(CC[C@H]3[C@H]2CCC4=CCCC[C@H]34)C)O,1,0
CC[C@@H]([C@H](C)O)N1C(=O)N(C=N1)C2=CC=C(C=C2)N3CCN(CC3)C4=CC=C(C=C4)OC[C@H]5C[C@](OC5)(CN6C=NC=N6)C7=C(C=C(C=C7)F)F,1,0
CC[C@@H](C(C[C@H](C)[NH+](C)C)(C1=CC=CC=C1)C2=CC=CC=C2)OC(=O)C,1,0
CC[C@@H](C(=O)N)N1CCCC1=O,1,0
CC[C@@H](C)C(=O)O[C@H]1[C@@H]([C@H]2[C@@H](C[NH+]3C[C@H](CC[C@H]3[C@@]2(C)O)C)[C@H]4[C@@]1([C@@H]5[C@@H]([C@@H]([C@H]6[C@]7([C@]5(C4)O[C@@]6([C@H](CC7)OC(=O)[C@](C)(CC)O)O)C)OC(=O)C)OC(=O)C)O)O,1,0
CC[C@@H](C1=CC(=CC=C1)O)[C@@H](C)C[NH+](C)C,1,0
CC[C@@H](CO)[NH2+]CCN[C@@H](CC)CO,1,0
CC[C@@H](CO)NC(=O)[C@H]1C[NH+]([C@@H]2CC3=CNC4=CC=CC(=C34)C2=C1)C,1,0
CC[C@@H](CO)NC(=O)[C@H]1C[NH+]([C@@H]2CC3=CN(C4=CC=CC(=C34)C2=C1)C)C,1,0
CC[C@@H]1/C=C(\C[C@@H](C[C@@H]([C@@H]2[C@H](C[C@H]([C@@](O2)(C(=O)C(=O)N3CCCC[C@H]3C(=O)O[C@@H]([C@@H]([C@H](CC1=O)O)C)/C(=C/[C@@H]4CC[C@@H]([C@@H](C4)OC)Cl)/C)O)C)OC)OC)C)/C,1,0
CC[C@@H]1[C@@]([C@@H]([C@H]([NH+](C[C@@H](C[C@@]([C@@H](C([C@@H]([C@H](C(=O)O1)C)O[C@H]2C[C@@]([C@H]([C@@H](O2)C)O)(C)OC)C)O[C@H]3[C@@H]([C@H](C[C@H](O3)C)[NH+](C)C)O)(C)O)C)C)C)O)(C)O,1,0
CC[C@@H]1[C@@]([C@@H]([C@H](C(=O)[C@@H](C[C@@]([C@@H]([C@H]([C@@H]([C@H](C(=O)O1)C)O[C@H]2C[C@@]([C@H]([C@@H](O2)C)O)(C)OC)C)O[C@H]3[C@@H]([C@H](C[C@H](O3)C)[NH+](C)C)O)(C)O)C)C)O)(C)O,1,0
CC[C@@H]1[C@@]([C@@H]([C@H](C(=O)[C@@H](C[C@@]([C@@H]([C@H]([C@@H]([C@H](C(=O)O1)C)O[C@H]2C[C@@]([C@H]([C@@H](O2)C)O)(C)OC)C)O[C@H]3[C@@H]([C@H](C[C@H](O3)C)[NH+](C)C)O)(C)OC)C)C)O)(C)O,1,0
CC[C@@H]1[C@@]([C@@H]([C@H](C(=O)[C@@H](C[C@@]([C@@H]([C@H]([C@@H]([C@H](C(=O)O1)C)O[C@H]2C[C@@]([C@H]([C@@H](O2)C)O)(C)OC)C)O[C@H]3[C@@H]([C@H](C[C@H](O3)C)[NH+](C)C)OC(=O)CC)(C)O)C)C)O)(C)O,1,0
CC[C@@H]1C(=O)N2CCC[C@H]2C(=O)N([C@H](C(=O)N3CC(C(=O)CC3C(=O)N[C@H](C(=O)O[C@@H]([C@@H](C(=O)N1)NC(=O)C4=C(C=CC=N4)O)C)C5=CC=CC=C5)CS[C@@H]6C[NH+]7CCC6CC7)CC8=CC=C(C=C8)N(C)C)C,1,0
CC[C@]12CC(=C)[C@H]3[C@H]([C@@H]1CC[C@]2(C#C)O)CCC4=CC(=O)CC[C@H]34,1,0
CC[C@]12CC[C@H]3[C@H]([C@@H]1CC[C@]2(C#C)O)CCC4=C/C(=N/O)/CC[C@H]34,1,0
CC[C@]12CC[C@H]3[C@H]([C@@H]1CC[C@]2(C#C)O)CCC4=CC(=O)CC[C@H]34,1,0
CC[C@]12CC[C@H]3[C@H]([C@@H]1CC[C@]2(C#C)OC(=O)C)CCC4=C/C(=N/O)/CC[C@H]34,1,0
CC[C@H](C)[C@H]1C(=O)N[C@H](C(=O)N[C@H](C(=O)N[C@@H](CSSC[C@@H](C(=O)N[C@H](C(=O)N1)CC2=CC=C(C=C2)O)[NH3+])C(=O)N3CCC[C@H]3C(=O)N[C@@H](CC(C)C)C(=O)NCC(=O)N)CC(=O)N)CCC(=O)N,1,0
CC[C@H](C)C(=O)O[C@H]1C[C@@H](C=C2[C@H]1[C@H]([C@H](C=C2)C)CC[C@H](C[C@H](CC(=O)[O-])O)O)O,1,0
CC[C@H](C)C(=O)O[C@H]1C[C@H](C=C2[C@H]1[C@H]([C@H](C=C2)C)CC[C@@H]3C[C@H](CC(=O)O3)O)C,1,1
CC[C@H]1[C@H](COC1=O)CC2=CN=CN2C,1,0
CC[C@H]1C(=O)N(CC(=O)N([C@H](C(=O)N[C@H](C(=O)N([C@H](C(=O)N[C@H](C(=O)N[C@@H](C(=O)N([C@H](C(=O)N([C@H](C(=O)N([C@H](C(=O)N([C@H](C(=O)N1)[C@@H]([C@H](C)C/C=C/C)O)C)C(C)C)C)CC(C)C)C)CC(C)C)C)C)C)CC(C)C)C)C(C)C)CC(C)C)C)C,1,1
CC[C@H]1CCC[C@@H]([C@H](C(=O)C2=C[C@H]3[C@@H]4C[C@@H](C[C@H]4C(=C[C@H]3[C@@H]2CC(=O)O1)C)O[C@H]5[C@@H]([C@@H]([C@H]([C@@H](O5)C)OC)OC)OC)C)O[C@H]6CC[C@@H]([C@H](O6)C)[NH+](C)C,1,0
CC[N+](C)(C)C1=CC(=CC=C1)O,1,0
CC[N+](C)(C)CC1=CC=CC=C1Br,1,0
CC[N+](C)(CC)CCOC(=O)C(C1CCCCC1)(C2=CC=CC=C2)O,1,0
CC[N+](C)(CC)CCOC(=O)C1C2=CC=CC=C2OC3=CC=CC=C13,1,0
CC[N+](CC)(CC)CCC(C1CCCCC1)(C2=CC=CC=C2)O,1,0
CC[N+](CC)(CCNC(=O)C(=O)NCC[N+](CC)(CC)CC1=CC=CC=C1Cl)CC2=CC=CC=C2Cl,1,0
CC[NH+](CC)C(C)C(=O)C1=CC=CC=C1,1,0
CC[NH+](CC)C(C)CN1C2=CC=CC=C2SC3=CC=CC=C31,1,0
CC[NH+](CC)CC#CCOC(=O)C(C1CCCCC1)(C2=CC=CC=C2)O,1,0
CC[NH+](CC)CC(=O)NC1=C(C=CC=C1C)C,1,0
CC[NH+](CC)CC(=O)OCC(=O)[C@]1(CC[C@@H]2[C@@]1(C[C@@H]([C@H]3[C@H]2CCC4=CC(=O)CC[C@]34C)O)C)O,1,0
CC[NH+](CC)CC1=C(C=CC(=C1)NC2=C3C=CC(=CC3=NC=C2)Cl)O,1,0
CC[NH+](CC)CCCC(C)NC1=C2C=CC(=CC2=[NH+]C=C1)Cl,1,0
CC[NH+](CC)CCN1C(=O)CN=C(C2=C1C=CC(=C2)Cl)C3=CC=CC=C3F,1,0
CC[NH+](CC)CCNC(=O)C1=CC(=C(C=C1OC)N)Cl,1,0
CC[NH+](CC)CCNC(=O)C1=CC=C(C=C1)N,1,0
CC[NH+](CC)CCOC(=O)C1(CCCCC1)C2CCCCC2,1,0
CC[NH+](CC)CCOC(=O)C1=CC=C(C=C1)N,1,0
CC[NH+](CC)CCOC(=O)C1=C(C=C(C=C1)N)Cl,1,0
CC[NH+](CC)CCOC1=CC=C(C=C1)/C(=C(/C2=CC=CC=C2)\Cl)/C3=CC=CC=C3,1,0
CC[NH+](CCCC(C)NC1=C2C=CC(=CC2=[NH+]C=C1)Cl)CCO,1,0
CC\1=C(C2=C(/C1=C\C3=CC=C(C=C3)S(=O)C)C=CC(=C2)F)CC(=O)[O-],1,0
CCC#CC(C)C1(C(=O)NC(=O)N(C1=O)C)CC=C,1,0
CCC(/C=C/Cl)(C#C)O,1,0
CCC(C(C1=CC(=C(C=C1)O)O)O)[NH2+]C(C)C,1,0
CCC(C)(C)C(=O)O[C@H]1C[C@H](C=C2[C@H]1[C@H]([C@H](C=C2)C)CC[C@@H]3C[C@H](CC(=O)O3)O)C,1,0
CCC(C)(C)C1C(=O)N2CCCC2C3(N1C(=O)C(O3)(C(C)C)NC(=O)C4CC5C(CC6=CNC7=CC=CC5=C67)[NH+](C4)C)O,1,0
CCC(C)C(C)(COC(=O)N)COC(=O)N,1,0
CCC(=C)C(=O)C1=C(C(=C(C=C1)OCC(=O)[O-])Cl)Cl,1,0
CCC(C)C1(C(=O)NC(=O)NC1=O)CC,1,0
CCC(C)C1(C(=O)NC(=O)NC1=O)CC=C,1,0
CCC(C)C1C(=O)NC(C(=O)NC(C(=O)NC(C(=O)NC(C(=O)NCCCCC(C(=O)NC(C(=O)N1)CCC[NH3+])NC(=O)C(C(C)CC)NC(=O)C(CCC(=O)[O-])NC(=O)C(CC(C)C)NC(=O)C2CSC(=N2)C(C(C)CC)[NH3+])CC(=O)N)CC(=O)[O-])CC3C=NC=[NH+]3)CC4=CC=CC=C4,1,0
CCC(C)C1C(=O)NC(C(=O)NC(C(=O)NC(CSSCC(C(=O)NC(C(=O)N1)CC2=CC=C(C=C2)O)[NH3+])C(=O)N3CCCC3C(=O)NC(CC(C)C)C(=O)NCC(=O)N)CC(=O)N)C(C)O,1,0
CCC(C)CCCCC(=O)NC(CC[NH3+])C(=O)NC(C(C)O)C(=O)NC(CC[NH3+])C(=O)NC1CCNC(=O)C(NC(=O)C(NC(=O)C(NC(=O)C(NC(=O)C(NC(=O)C(NC1=O)CC[NH3+])CC2=CC=CC=C2)CC(C)C)CC[NH3+])CC[NH3+])C(C)O,1,0
CCC(C)N1C(=O)N(C=N1)C2=CC=C(C=C2)N3CCN(CC3)C4=CC=C(C=C4)OC[C@H]5CO[C@](O5)(CN6C=NC=N6)C7=C(C=C(C=C7)Cl)Cl,1,0
CCC(C1=CC=CC=C1)C2=C(C3=CC=CC=C3OC2=O)[O-],1,0
CCC(CC)O[C@@H]1C=C(C[C@@H]([C@H]1NC(=O)C)[NH3+])C(=O)OCC,1,0
CCC(CC1=C(C(=C(C=C1I)I)N)I)C(=O)[O-],1,0
C=CC(CCC(=O)[O-])[NH3+],1,0
CCC(=O)[C@]1([C@@H](CC2[C@@]1(C[C@@H](C3C2CCC4=CC(=O)C=C[C@]34C)O)C)C)C,1,0
CCC(=O)C(CC(C)[NH+](C)C)(C1=CC=CC=C1)C2=CC=CC=C2,1,0
CCC(=O)C1=CC2=C(C=C1)SC3=CC=CC=C3N2CC(C)[NH+](C)C,1,0
CCC(=O)N(C1=CC=CC=C1)C2(CC[NH+](CC2)CCC3=CC=CS3)COC,1,0
CCC(=O)N(C1=CC=CC=C1)C2(CC[NH+](CC2)CCN3C(=O)N(N=N3)CC)COC,1,0
CCC(=O)N(C1CC[NH+](CC1)CCC2=CC=CC=C2)C3=CC=CC=C3,1,0
CCC(=O)NCC[C@@H]1CCC2=C1C3=C(C=C2)OCC3,1,0
CCC(=O)O[C@@](CC1=CC=CC=C1)(C2=CC=CC=C2)[C@@H](C)C[NH+](C)C,1,0
CCC(=O)O[C@@]1([C@@H](C[C@@H]2[C@@]1(C[C@@H]([C@]3([C@H]2C[C@@H](C4=CC(=O)C=C[C@@]43C)F)F)O)C)C)C(=O)SCF,1,0
CCC(=O)O[C@@]1([C@H](C[C@@H]2[C@@]1(C[C@@H]([C@]3([C@H]2CCC4=CC(=O)C=C[C@@]43C)F)O)C)C)C(=O)CCl,1,0
CCC(=O)O[C@@]1([C@H](CC2C1(CC([C@]3(C2C[C@@H](C4=CC(=O)C=CC43C)F)F)O)C)C)C(=O)CCl,1,0
CCC(=O)O[C@](CC1=CC=CC=C1)(C2=CC=CC=C2)[C@H](C)C[NH+](C)C,1,0
CCC(=O)O[C@H]1CC[C@@H]2[C@@]1(CC[C@H]3[C@H]2CC[C@@H]4[C@@]3(C[C@H](C(=O)C4)C)C)C,1,0
CCC(=O)O[C@H]1CC[C@@H]2[C@@]1(CC[C@H]3[C@H]2CCC4=CC(=O)CC[C@]34C)C,1,0
CCC(=O)OC(C(C)C)OP(=O)(CCCCC1=CC=CC=C1)CC(=O)N2C[C@@H](C[C@H]2C(=O)[O-])C3CCCCC3,1,0
CCC(=O)OCC(=O)[C@]1([C@@H](C[C@@H]2[C@@]1(C[C@@H]([C@H]3[C@H]2[C@@H](CC4=CC(=O)C=C[C@]34C)Cl)O)C)C)OC(=O)CC,1,0
CCC(=O)OCC(=O)[C@]1([C@H](C[C@@H]2[C@@]1(C[C@@H]([C@]3([C@H]2CCC4=CC(=O)C=C[C@@]43C)Cl)O)C)C)OC(=O)CC,1,0
CCC(=O)OCC(=O)[C@]1(CC[C@@H]2[C@@]1(C[C@@H]([C@H]3[C@H]2CCC4=CC(=O)C=C[C@]34C)O)C)OC(=O)OCC,1,0
CCC(=O)OCCNC(=O)C[N+]1=CC=CC=C1,1,0
CCC1(C(=O)C(CNC1=O)C)CC,1,0
CCC1(C(=O)N(C(=O)N1)C)C2=CC=CC=C2,1,0
CCC1(C(=O)N(C(=O)O1)C)C,1,0
CCC1(C(=O)NC(=O)CS1)C2=CC=CC=C2,1,0
CCC1(C(=O)NC(=O)N(C1=O)C)CC,1,0
CCC1(C(=O)NCNC1=O)C2=CC=CC=C2,1,0
CCC1(CC(=O)NC1=O)C,1,0
CCC1(CCC(=O)NC1=O)C2=CC=C(C=C2)N,1,0
CCC1(CCC(=O)NC1=O)C2=CC=CC=C2,1,0
CC[C@H]1/C=C(/[C@H](C/C=C/C=C(/C(=O)O[C@@H](C/C=C(/C=C(/[C@@H]1O[C@H]2[C@H]([C@H]([C@@H](C(O2)(C)C)OC(=O)C(C)C)O)O)\C)\C)[C@@H](C)O)\CO[C@H]3[C@H]([C@H]([C@@H]([C@H](O3)C)OC(=O)C4=C(C(=C(C(=C4O)Cl)[O-])Cl)CC)O)OC)O)\C,1,0
CCC1=C(C(=NC(=N1)N)N)C2=CC=C(C=C2)Cl,1,0
CCC1=C(CN(C1=O)C(=O)NCCC2=CC=C(C=C2)S(=O)(=O)NC(=NC3CCC(CC3)C)[O-])C,1,0
CCC1=C2CN3C(=CC4=C(C3=O)COC(=O)[C@@]4(CC)O)C2=NC5=C1C=C(C=C5)OC(=O)N6CCC(CC6)[NH+]7CCCCC7,1,0
CCC1=C2CN3C(=CC4=C(C3=O)COC(=O)[C@@]4(CC)O)C2=NC5=C1C=C(C=C5)OC(=O)N6CCC(CC6)N7CCCCC7,0,1
CCC1=C[C@H]2C[C@@](C3=C(CN(C2)C1)C4=CC=CC=C4N3)(C5=C(C=C6C(=C5)[C@]78CCN9[C@H]7[C@@](C=CC9)([C@H]([C@@]([C@@H]8N6C)(C(=O)OC)O)OC(=O)C)CC)OC)C(=O)OC,0,1
CCC1=NC=CC(=C1)C(=S)N,1,0
CCC1=C(C=C2CC(CC2=C1)[NH2+]C[C@@H](C3=C4C=CC(=O)NC4=C(C=C3)O)O)CC,1,0
CCC1=CC2C[C@@](C3=C(C[NH+](C2)C1)C4=CC=CC=C4N3)(C5=C(C=C6C(=C5)[C@]78CC[NH+]9[C@H]7[C@@](C=CC9)([C@H]([C@@]([C@@H]8N6C)(C(=O)OC)O)OC(=O)C)CC)OC)C(=O)OC,1,0
CCC1NC2=CC(=C(C=C2C(=O)N1)S(=O)(=O)N)Cl,1,0
CCC1=NN(C(=O)N1CCOC2=CC=CC=C2)CCC[NH+]3CCN(CC3)C4=CC(=CC=C4)Cl,1,0
CCC[C@@H](C(=O)C(=O)NC1CC1)NC(=O)[C@@H]2[C@H]3CCC[C@H]3CN2C(=O)[C@H](C(C)(C)C)NC(=O)[C@H](C4CCCCC4)NC(=O)C5=NC=CN=C5,1,0
CCC[C@@H](C(=O)OCC)[NH2+][C@@H](C)C(=O)N1[C@H]2CCCC[C@H]2C[C@H]1C(=O)[O-],1,0
CCC[C@@H]1C[C@H]([NH+](C1)C)C(=O)N[C@@H]([C@@H]2[C@@H]([C@@H]([C@H]([C@H](O2)SC)O)O)O)[C@@H](C)O,1,0
CCC[C@@H]1C[C@H]([NH+](C1)C)C(=O)NC([C@@H]2[C@@H]([C@@H]([C@H]([C@H](O2)SC)O)O)O)C(C)Cl,1,0
CCC[C@]1(CC(=C(C(=O)O1)[C@H](CC)C2=CC(=CC=C2)[N-]S(=O)(=O)C3=NC=C(C=C3)C(F)(F)F)[O-])CCC4=CC=CC=C4,1,0
CCC[NH+](CC)C(CC)C(=O)NC1=C(C=CC=C1C)C,1,0
CCC[NH+](CCC)CCC1=C2CC(=O)NC2=CC=C1,1,0
CCC[NH+](CCC1=CC=CS1)[C@H]2CCC3=C(C2)C=CC=C3O,1,0
C=CC[NH+]1CC[C@]23[C@@H]4C(=O)CC[C@]2([C@H]1CC5=C3C(=C(C=C5)O)O4)O,1,0
C=CC[NH+]1CC[C@]23CCCC[C@H]2[C@H]1CC4=C3C=C(C=C4)O,1,0
CCC[NH+]1CCCC[C@H]1C(=O)NC2=C(C=CC=C2C)C,1,0
CCC[NH2+][C@H]1CCC2=C(C1)SC(=N2)N,1,0
CCC[NH2+]C(C)C(=O)NC1=C(SC=C1C)C(=O)OC,1,0
CCC[NH2+]C(C)C(=O)NC1=CC=CC=C1C,1,0
CCC[NH2+]CC(COC1=CC=CC=C1C(=O)CCC2=CC=CC=C2)O,1,0
CCCC(C)(COC(=O)N)COC(=O)N,1,0
CCCC(C)(COC(=O)N)COC(=O)NC(C)C,1,0
CCCC(C)C1(C(=O)NC(=[NH+]C1=O)S)CC=C,1,0
CCCC(C)C1(C(=O)NC(=O)NC1=O)CC,1,0
CCCC(C)C1(C(=O)NC(=O)NC1=O)CC=C,1,0
CCCC(C)C1(C(=O)NC(=S)NC1=O)CC,1,0
CCCC(CCC)C(=O)[O-],1,0
CCCC(CCC)C(=O)OC1C[C@H]2CC[C@@H](C1)[N+]2(C)C,1,0
CCCC(=O)NC1=C(C=C(C(=C1I)CC(CC)C(=O)[O-])I)I,1,0
CCCC(=O)NC1=CC(=C(C=C1)OCC(C[NH2+]C(C)C)O)C(=O)C,1,0
CCCC(=O)O[C@@]1(CC[C@@H]2[C@@]1(C[C@@H]([C@]3([C@H]2C[C@@H](C4=CC(=O)C=C[C@@]43C)F)F)O)C)C(=O)COC(=O)C,1,0
CCCC(=O)O[C@@]1(CC[C@@H]2[C@@]1(C[C@@H]([C@H]3[C@H]2CCC4=CC(=O)CC[C@]34C)O)C)C(=O)CO,1,0
CCCC(=O)O[C@@]1(CC[C@@H]2[C@@]1(C[C@@H]([C@H]3[C@H]2CCC4=CC(=O)CC[C@]34C)O)C)C(=O)COC(=O)CC,1,0
CCCC1=NN(C2=C1N=C(NC2=O)C3=C(C=CC(=C3)S(=O)(=O)N4CC[NH+](CC4)C)OCC)C,1,0
CCCC1=CC(=O)NC(=S)N1,1,0
CCCC1=NC(=C(N1CC2=CC=C(C=C2)C3=CC=CC=C3C4=NN=N[N-]4)C(=O)OCC5=C(OC(=O)O5)C)C(C)(C)O,1,0
CCCC1=NC(=C2N1N=C(NC2=O)C3=C(C=CC(=C3)S(=O)(=O)N4CC[NH+](CC4)CC)OCC)C,1,0
CCCC1=NC2=C(N1CC3=CC=C(C=C3)C4=CC=CC=C4C(=O)[O-])C=C(C=C2C)C5=NC6=CC=CC=C6N5C,1,0
CCCC1O[C@@H]2C[C@H]3[C@@H]4CCC5=CC(=O)C=C[C@@]5([C@H]4[C@H](C[C@@]3([C@@]2(O1)C(=O)CO)C)O)C,1,0
CCCC[NH+](CCCC)CCC(C1=C2C=CC(=CC2=C3C=C(C=C(C3=C1)Cl)Cl)C(F)(F)F)O,1,0
CCCC[NH+]1C[C@@H]([C@H]([C@@H]([C@H]1CO)O)O)O,1,0
CCCC[NH+]1CCCC[C@H]1C(=O)NC2=C(C=CC=C2C)C,1,0
CCCC[NH+]1CCCCC1C(=O)NC2=C(C=CC=C2C)C,1,0
CCCCC([C@]1(CC[C@H]2[C@H](O1)CC(=O)[C@H]2CCCCCCC(=O)[O-])O)(F)F,1,0
CCCCC(C)(C/C=C/[C@H]1[C@@H](CC(=O)[C@@H]1CCCCCCC(=O)OC)O)O,1,0
CCCCC(CC)COC(=O)/C=C/C1=CC=C(C=C1)OC,1,0
CCCCC(CC)COC(=O)C(=C(C1=CC=CC=C1)C2=CC=CC=C2)C#N,1,0
CCCCC(=O)N(CC1=CC=C(C=C1)C2=CC=CC=C2C3=NN=N[N-]3)[C@@H](C(C)C)C(=O)[O-],1,0
CCCCC(=O)O[C@@]1([C@H](C[C@@H]2[C@@]1(C[C@@H]([C@]3([C@H]2CCC4=CC(=O)C=C[C@@]43C)F)O)C)C)C(=O)CO,1,0
CCCCC(=O)O[C@@]1(CC[C@@H]2[C@@]1(C[C@@H]([C@H]3[C@H]2CCC4=CC(=O)CC[C@]34C)O)C)C(=O)CO,1,0
CCCCC(=O)O[C@H]1CC[C@@H]2[C@@]1(CC[C@H]3[C@H]2CCC4=C3C=CC(=C4)O)C,1,0
CCCCC1=NC=C(N1CC2=CC=C(C=C2)C(=O)[O-])/C=C(\CC3=CC=CS3)/C(=O)O,1,0
CCCCC1=C(C2=C(O1)C=CC(=C2)NS(=O)(=O)C)C(=O)C3=CC=C(C=C3)OCCC[NH+](CCCC)CCCC,1,0
CCCCC1=C(C2=CC=CC=C2O1)C(=O)C3=CC(=C(C(=C3)I)OCC[NH+](CC)CC)I,1,0
CCCCC[C@@H](/C=C/[C@H]1[C@@H](C[C@@H]([C@@H]1C/C=C\CCCC(=O)[O-])O)O)O,1,0
CCCCC[C@@H](/C=C/[C@H]1[C@@H](CC(=O)[C@@H]1C/C=C\CCCC(=O)[O-])O)O,1,0
CCCCC[C@@H](/C=C/[C@H]1[C@@H](CC(=O)[C@@H]1CCCCCCC(=O)[O-])O)O,1,0
CCCCC[NH+](C)CCC(O)(P(=O)([O-])[O-])P(=O)([O-])[O-],1,0
CCCCCC(=O)O[C@@]1(CC[C@@H]2[C@@]1(CC[C@H]3[C@H]2CCC4=CC(=O)CC[C@]34C)C)C(=O)C,1,0
CCCCCC1=CC(=C2[C@@H]3C=C(CC[C@H]3C(OC2=C1)(C)C)C)O,1,0
CCCCCCC(C)(C)C1=CC(=C2[C@@H]3CC(=O)CC[C@H]3C(OC2=C1)(C)C)O,1,0
CCCCCCC(=O)O[C@H]1CC[C@@H]2[C@@]1(CC[C@H]3[C@H]2CCC4=CC(=O)CC[C@]34C)C,1,0
CCCCCCC(=O)OCCN1CC[NH+](CC1)CCCN2C3=CC=CC=C3SC4=C2C=C(C=C4)C(F)(F)F,1,0
CCCCCCC[NH+](CC)CCCC(C1=CC=C(C=C1)NS(=O)(=O)C)O,1,0
CCCCCCCC(=O)CC[C@H]1[C@@H](C[C@@H]([C@@H]1C/C=C\CCCC(=O)OC(C)C)O)O,1,0
CCCCCCCC(=O)OCC(CO)O,1,0
CCCCCCCC/C=C\CCCCCCCC(=O)[O-],1,0
CCCCCCCCC1=CC=C(C=C1)CCC(CO)(CO)[NH3+],1,0
CCCCCCCCC[NH+]1C[C@@H]([C@H]([C@@H]([C@H]1CO)O)O)O,1,0
CCCCCCCCCC(=O)N[C@@H](CC1=CNC2=CC=CC=C21)C(=O)N[C@H](CC(=O)N)C(=O)N[C@@H](CC(=O)[O-])C(=O)N[C@H]3[C@H](OC(=O)[C@@H](NC(=O)[C@@H](NC(=O)[C@H](NC(=O)CNC(=O)[C@@H](NC(=O)[C@H](NC(=O)[C@@H](NC(=O)[C@@H](NC(=O)CNC3=O)CCC[NH3+])CC(=O)[O-])C)CC(=O)[O-])CO)[C@H](C)CC(=O)[O-])CC(=O)C4=CC=CC=C4N)C,1,0
CCCCCCCCCC(=O)O[C@H]1CC[C@@H]2[C@@]1(CC[C@H]3[C@H]2CCC4=CC(=O)CC[C@H]34)C,1,0
CCCCCCCCCC(=O)OCCN1CC[NH+](CC1)CCCN2C3=CC=CC=C3SC4=C2C=C(C=C4)C(F)(F)F,1,0
CCCCCCCCCC1=CC=C(C=C1)OCCOCCOCCOCCOCCOCCOCCOCCOCCO,1,0
CCCCCCCCCCC[C@@H](C[C@H]1[C@@H](C(=O)O1)CCCCCC)OC(=O)[C@H](CC(C)C)NC=O,1,0
CCCCCCCCCCCCCC(=O)OC[C@H](COP(=O)([O-])OCC[N+](C)(C)C)OC(=O)CCCCCCCCCCCCC,1,0
CCCCCCCCCCCCCCCC(=O)O[C@@H]1[C@H]([C@H]([C@H](O[C@@H]1SC)C(C(C)Cl)NC(=O)[C@@H]2C[C@H](C[NH+]2C)CCC)O)O,1,0
CCCCCCCCCCCCCCCC(=O)O[C@@H]1CCCN2C1=NC(=C(C2=O)CC[NH+]3CCC(CC3)C4=NOC5=C4C=CC(=C5)F)C,1,0
CCCCCCCCCCCCCCCC(=O)OC/C=C(\C)/C=C/C=C(\C)/C=C/C1=C(CCCC1(C)C)C,1,0
CCCCCCCCCCCCCCCC(=O)OCC(COP(=O)([O-])OCC[N+](C)(C)C)OC(=O)CCCCCCCCCCCCCCC,1,0
CCCCCCCCCCCCCCCCCCCCCCO,1,0
CCCCCCCCCCCCCCCCO,1,0
CCCCCCCCCCCCCCOS(=O)(=O)[O-],1,0
CCCCCCCCCCCCOCCOCCOCCOCCOCCOCCOCCOCCOCCO,1,0
CCCCCCCCCCNCC[NH2+][C@]1(C[C@@H](O[C@H]([C@H]1O)C)O[C@@H]2[C@H]([C@@H]([C@H](O[C@H]2OC3=C4C=C5C=C3OC6=C(C=C(C=C6)[C@H]([C@H](C(=O)N[C@H](C(=O)N[C@H]5C(=O)N[C@@H]7C8=CC(=C(C=C8)O)C9=C(C(=C(C=C9[C@H](NC(=O)[C@H]([C@@H](C1=CC(=C(O4)C=C1)Cl)O)NC7=O)C(=O)[O-])O)C[NH2+]CP(=O)([O-])[O-])O)CC(=O)N)NC(=O)[C@@H](CC(C)C)[NH2+]C)O)Cl)CO)O)O)C,1,0
CCCCCCOC(=O)NC(=[NH2+])C1=CC=C(C=C1)NCC2=NC3=C(N2C)C=CC(=C3)C(=O)N(CCC(=O)OCC)C4=CC=CC=N4,1,0
CCCCCCOC(=O)CCC(=O)C[NH3+],1,0
CCCCC[NH+]=C(N)N/N=C/C1=CNC2=C1C=C(C=C2)OC,1,0
CCCCCOC1=CC=C(C=C1)C2=CC=C(C=C2)C3=CC=C(C=C3)C(=O)N[C@H]4C[C@H]([C@H](NC(=O)[C@@H]5[C@H]([C@H](CN5C(=O)[C@@H](NC(=O)[C@@H](NC(=O)[C@@H]6C[C@H](CN6C(=O)[C@@H](NC4=O)[C@@H](C)O)O)[C@@H]([C@H](C7=CC=C(C=C7)O)O)O)[C@@H](C)O)C)O)O)O,1,0
CCCCN1C(=O)[C@H](NC(=O)C12CCN(CC2)CC3=CC=C(C=C3)OC4=CC=C(C=C4)C(=O)O)[C@@H](C5CCCCC5)O,0,1
CCCCN=C(NS(=O)(=O)C1=CC=C(C=C1)C)[O-],1,0
CCCCNC1=C(C(=CC(=C1)C(=O)[O-])S(=O)(=O)N)OC2=CC=CC=C2,1,0
CCCCNC1=CC=C(C=C1)C(=O)OCC[NH+](C)C,1,0
CCCCOC1=NC2=CC=CC=C2C(=C1)C(=O)NCC[NH+](CC)CC,1,0
CCCCOC1=C(C=CC(=C1)C(=O)OCC[NH+](CC)CC)N,1,0
CCCCOC1=CC=C(C=C1)C(=O)CC[NH+]2CCCCC2,1,0
CCCCOC1=CC=C(C=C1)OCCC[NH+]2CCOCC2,1,0
CCCCOCCOCCOCC1=CC2=C(C=C1CCC)OCO2,1,0
CCCCS(=O)(=O)N[C@@H](CC1=CC=C(C=C1)OCCCCC2CC[NH2+]CC2)C(=O)[O-],1,0
CCCN=C(NS(=O)(=O)C1=CC=C(C=C1)Cl)[O-],1,0
CCCOC(=O)CN1C=C(C(=O)C(=C1)I)I,1,0
CCCOC1=C(C=CC(=C1)N)C(=O)OCC[NH+](CC)CC,1,0
CCCOC1=C(C=C(C=C1)C(=O)OCC[NH+](CC)CC)N,1,0
CCCSC1=CC2=C(C=C1)N=C(N2)NC(=O)OC,1,0
CCCSC1=NC(=C2C(=N1)N(N=N2)[C@@H]3C[C@@H]([C@H]([C@H]3O)O)OCCO)N[C@@H]4C[C@H]4C5=CC(=C(C=C5)F)F,1,0
CCN(C1=CC=CC(=C1)C2=CC=NC3=C(C=NN23)C#N)C(=O)C,1,0
CCN(C1=CC=CC=C1C)C(=O)/C=C/C,1,0
CCN(CC)C(=O)/C(=C/C1=CC(=C(C(=C1)O)[O-])[N+](=O)[O-])/C#N,1,0
CCN(CC)C(=O)[C@@]1(C[C@@H]1C[NH3+])C2=CC=CC=C2,1,0
CCN(CC)C(=O)C1C[NH+]2CCC3=CC(=C(C=C3C2CC1OC(=O)C)OC)OC,1,0
CCN(CC)C(=S)SSC(=S)N(CC)CC,1,0
CCN(CC)C1=CC=C(C=C1)C(=C2C=CC(=[N+](CC)CC)C=C2)C3=C(C=CC(=C3)S(=O)(=O)[O-])S(=O)(=O)[O-],1,0
CCN(CC)CC(=O)NC1=C(C=CC=C1C)C,0,1
CCN(CC)CCNC(=O)C1=C(NC(=C1C)/C=C\2/C3=C(C=CC(=C3)F)NC2=O)C.C([C@@H](C(=O)O)O)C(=O)O,0,1
CCN(CC1=CC=NC=C1)C(=O)C(CO)C2=CC=CC=C2,1,0
CCN1C(=O)C(NC1=O)C2=CC=CC=C2,1,0
CCN1C2=CC3=C(C=C2C(=O)C(=N1)C(=O)[O-])OCO3,1,0
CCN1CC(C(C1=O)(C2=CC=CC=C2)C3=CC=CC=C3)CC[NH+]4CCOCC4,1,0
CCN1C=CC(=NS(=O)(=O)C2=CC=C(C=C2)N)N=C1[O-],1,0
C=CN1CCCC1=O,1,0
CCN1CCN(C(=O)C1=O)C(=O)N[C@H](C2=CC=C(C=C2)O)C(=O)N[C@H]3[C@@H]4N(C3=O)C(=C(CS4)CSC5=NN=NN5C)C(=O)[O-],1,0
CCNC(=O)[C@@H]1CCCN1C(=O)[C@H](CCC[NH+]=C(N)N)NC(=O)[C@H](CC(C)C)NC(=O)[C@@H](CC(C)C)NC(=O)[C@H](CC2=CC=C(C=C2)O)NC(=O)[C@H](CO)NC(=O)[C@H](CC3=CNC4=CC=CC=C43)NC(=O)[C@H](CC5=CN=CN5)NC(=O)[C@@H]6CCC(=O)N6,1,0
CCNC(=O)[C@@H]1CCCN1C(=O)[C@H](CCC[NH+]=C(N)N)NC(=O)[C@H](CC(C)C)NC(=O)[C@@H](CC2=CN(C=N2)CC3=CC=CC=C3)NC(=O)[C@H](CC4=CC=C(C=C4)O)NC(=O)[C@H](CO)NC(=O)[C@H](CC5=CNC6=CC=CC=C65)NC(=O)[C@H](CC7=CN=CN7)NC(=O)[C@@H]8CCC(=O)N8,1,0
CCNC(=O)CCC/C=C\C[C@H]1[C@H](C[C@H]([C@@H]1/C=C/[C@H](CCC2=CC=CC=C2)O)O)O,1,0
CCO,1,0
CCO/N=C(/C1=NSC(=N1)NP(=O)([O-])[O-])\C(=O)N[C@H]2[C@@H]3N(C2=O)C(=C(CS3)SC4=NC(=CS4)C5=CC=[N+](C=C5)C)C(=O)[O-],1,0
CCOC(=O)/C=C(\C)/C=C/C=C(\C)/C=C/C1=C(C(=C(C=C1C)OC)C)C,1,0
CCOC(=O)[C@](C)(CC1=CC(=C(C=C1)O)O)[NH3+],1,0
CCOC(=O)[C@H](CCC1=CC=CC=C1)[NH2+][C@@H](C)C(=O)N2[C@H]3CCC[C@H]3C[C@H]2C(=O)[O-],1,0
CCOC(=O)[C@H](CCC1=CC=CC=C1)[NH2+][C@@H](C)C(=O)N2[C@H]3CCCC[C@@H]3C[C@H]2C(=O)[O-],1,0
CCOC(=O)[C@H](CCC1=CC=CC=C1)[NH2+][C@@H](C)C(=O)N2CC3(C[C@H]2C(=O)[O-])SCCS3,1,0
CCOC(=O)[C@H](CCC1=CC=CC=C1)[NH2+][C@@H](C)C(=O)N2CC3=CC(=C(C=C3C[C@H]2C(=O)[O-])OC)OC,1,0
CCOC(=O)[C@H](CCC1=CC=CC=C1)[NH2+][C@@H](C)C(=O)N2CC3=CC=CC=C3C[C@H]2C(=O)[O-],1,0
CCOC(=O)[C@H](CCC1=CC=CC=C1)[NH2+][C@@H](C)C(=O)N2CCC[C@H]2C(=O)[O-],1,0
CCOC(=O)[C@H](CCC1=CC=CC=C1)[NH2+][C@H]2CCC3=CC=CC=C3N(C2=O)CC(=O)[O-],1,0
CCOC(=O)C(C)(C)OC1=CC=C(C=C1)Cl,1,0
CCOC(=O)C1(CC[NH+](CC1)C)C2=CC=CC=C2,1,0
CCOC(=O)C1(CC[NH+](CC1)CCC(C#N)(C2=CC=CC=C2)C3=CC=CC=C3)C4=CC=CC=C4,1,0
CCOC(=O)C1(CC[NH+](CC1)CCC2=CC=C(C=C2)N)C3=CC=CC=C3,1,0
CCOC(=O)C1=CN=C(C=C1)C#CC2=CC3=C(C=C2)SCCC3(C)C,1,0
CCOC(=O)C1=CN=CN1C(C)C2=CC=CC=C2,1,0
CCOC(=O)CC(C(=O)OCC)SP(=S)(OC)OC,1,0
CCOC(=O)N1CCC(=C2C3=C(CCC4=C2N=CC=C4)C=C(C=C3)Cl)CC1,1,0
CCOC(=O)NC1=C(C=C(C=C1)NCC2=CC=C(C=C2)F)N,1,0
CCOC(=O)NC1=CC2=C(C=C1)SC3=CC=CC=C3N2C(=O)CC[NH+]4CCOCC4,1,0
CCOC(=O)O[C@@]1(CC[C@@H]2[C@@]1(C[C@@H]([C@H]3[C@H]2CCC4=CC(=O)C=C[C@]34C)O)C)C(=O)OCCl,1,0
CCOC(=O)OC(C)OC(=O)[C@H]1C(S[C@H]2N1C(=O)[C@H]2NC(=O)[C@@H](C3=CC=CC=C3)[NH3+])(C)C,1,0
CCOC1=C(C=CC(=C1)CC(=O)N[C@@H](CC(C)C)C2=CC=CC=C2N3CCCCC3)C(=O)[O-],1,0
CCOC1=CC=C(C=C1)CC(CN(CC[NH+](CC(=O)[O-])CC(=O)[O-])CC(=O)[O-])[NH+](CC(=O)[O-])CC(=O)[O-],1,0
CCOC1=CC2=C(C=C1)N=C(S2)S(=O)(=O)N,1,0
CCOC1=C(C2=CC=CC=C2C=C1)C(=O)N[C@H]3[C@@H]4N(C3=O)[C@H](C(S4)(C)C)C(=O)[O-],1,0
CCOC1=CC=CC=C1OCC[NH2+][C@H](C)CC2=CC(=C(C=C2)OC)S(=O)(=O)N,1,0
CCOC1=NC2=CC=CC(=C2N1CC3=CC=C(C=C3)C4=CC=CC=C4C5=NOC(=O)N5)C(=O)OCC6=C(OC(=O)O6)C,1,0
CCOCCP(CCOCC)CCP(CCOCC)CCOCC,1,0
CCOP(=O)(OCC)SCC[N+](C)(C)C,1,0
CCS(=O)(=O)CCN1C(=NC=C1[N+](=O)[O-])C,1,0
CCSC1=CC2=C(C=C1)SC3=CC=CC=C3N2CCCN4CC[NH+](CC4)C,1,0
Cl[201Tl],1,0
Cl[Cr](Cl)Cl,1,0
Cl[Cu]Cl,1,0
Cl[Mn]Cl,1,0
Cl[Zn]Cl,1,0
CN(C(=O)N[C@@H]1[C@H]([C@@H]([C@H](O[C@@H]1O)CO)O)O)N=O,1,0
C[N+](=CNC1=C(C=C(C(=C1I)CCC(=O)[O-])I)I)C,1,0
C[N+](=C(N)[NH+]=C(N)N)C,1,0
CN(C)C(=O)C(CC[NH+]1CCC(CC1)(C2=CC=C(C=C2)Cl)O)(C3=CC=CC=C3)C4=CC=CC=C4,1,0
CN(C)C1=CC=C(C=C1)C(=C2C=CC(=[N+](C)C)C=C2)C3=CC=C(C=C3)N(C)C,1,0
CN(C)C1=NC(=NC(=N1)N(C)C)N(C)C,1,0
CN(C)C[C@H]1CCCC[C@@]1(C2=CC(=CC=C2)OC)O,0,1
CN(C)CC(C1=CC=C(C=C1)OC)C2(CCCCC2)O,0,1
CN(C1=C(C(=C(C(=C1I)C(=O)NC(CO)C(CO)O)I)C(=O)NC(CO)C(CO)O)I)C(=O)CC(=O)N(C)C2=C(C(=C(C(=C2I)C(=O)NC(CO)C(CO)O)I)C(=O)NC(CO)C(CO)O)I,1,0
CN(CC(CO)O)C(=O)C1=C(C(=C(C(=C1I)C(=O)NCC(CO)O)I)NC(=O)COC)I,1,0
CN(CC1=CN=C2C(=N1)C(=NC(=N2)N)N)C3=CC=C(C=C3)C(=O)N[C@@H](CCC(=O)[O-])C(=O)[O-],1,0
CN(CC1=CN=C2C(=N1)C(=NC(=N2)N)N)C3=CC=C(C=C3)C(=O)N[C@@H](CCC(=O)O)C(=O)O,0,1
CN(CCCCCCCCCCN(C)C(=O)OC1=CC=CC(=C1)[N+](C)(C)C)C(=O)OC2=CC=CC(=C2)[N+](C)(C)C,1,0
CN(CCCNC(=O)C1CCCO1)C2=NC3=CC(=C(C=C3C(=N2)N)OC)OC,1,0
CNC(=[NH+]C)NCC1=CC=CC=C1,1,0
CN/C(=C\[N+](=O)[O-])/[NH2+]CCSCC1=CC=C(O1)C[NH+](C)C,1,0
CN/C(=C\[N+](=O)[O-])/[NH2+]CCSCC1=CSC(=N1)C[NH+](C)C,1,0
CN1C(=C(C2=CC=CC=C2S1(=O)=O)O)C(=O)NC3=CC=CC=N3,1,0
CN1C(=NC(=O)C(=O)N1)SCC2=C(N3[C@@H]([C@@H](C3=O)NC(=O)/C(=N\OC)/C4=CSC(=N4)N)SC2)C(=O)[O-],1,0
CN1C(NC2=CC(=C(C=C2S1(=O)=O)S(=O)(=O)N)Cl)CCl,1,0
CN1C(NC2=CC(=C(C=C2S1(=O)=O)S(=O)(=O)N)Cl)CSCC(F)(F)F,1,0
CN1C(=NN=N1)SCC2=C(N3[C@@H]([C@@](C3=O)(NC(=O)C(C4=CC=C(C=C4)O)C(=O)[O-])OC)OC2)C(=O)[O-],1,0
CN1C(=NN=N1)SCC2=C(N3[C@@H]([C@@](C3=O)(NC(=O)CSCC#N)OC)SC2)C(=O)[O-],1,0
CN1C(=NN=N1)SCC2=C(N3[C@@H]([C@@H](C3=O)NC(=O)/C(=N\OC)/C4=CSC(=N4)N)SC2)C(=O)[O-],1,0
CN1C(=NN=N1)SCC2=C(N3[C@@H]([C@@H](C3=O)NC(=O)[C@@H](C4=CC=CC=C4)O)SC2)C(=O)[O-],1,0
CN1C(=O)CC(C1=O)C2=CC=CC=C2,1,0
CN1C(=O)N2C=NC(=C2N=N1)C(=O)N,1,1
CN1C(S(=O)(=O)CCC1=O)C2=CC=C(C=C2)Cl,1,0
CN1[C@H](CNC2=C1C(=O)NC(=N2)N)CNC3=CC=C(C=C3)C(=O)N[C@@H](CCC(=O)[O-])C(=O)[O-],1,0
CN1C2=C(C(=O)N(C1=O)C)NC=N2,1,0
CN1C2=C(C(=O)N(C1=O)C)N(C=N2)CC(CO)O,1,0
CN1C2=C(C=C(C=C2)N(CCCl)CCCl)N=C1CCCC(=O)O.Cl,0,1
CN1C2=C(C=C(C=C2)Cl)C(=NC(C1=O)O)C3=CC=CC=C3,1,0
CN1C(=O)CN=C(C2=C1C=CC(=C2)Cl)C3=CC=CC=C3,1,0
CN1C2=C(C=C(C=C2)N(CCCl)CCCl)N=C1CCCC(=O)[O-],1,0
CN1CC(=O)N2[C@@H](C1=O)CC3=C([C@H]2C4=CC5=C(C=C4)OCO5)NC6=CC=CC=C36,1,0
CN1CC[C@@]23C=C[C@@H](C[C@@H]2OC4=C(C=CC(=C34)C1)OC)O,0,1
CN1CC[NH+](CC1)CCCN2C3=CC=CC=C3SC4=C2C=C(C=C4)Cl,1,0
CN1C=CNC1=S,1,0
CN1CCC(CC1)CNC2=NN3C(=NC=C3C4=CC(=CC=C4)OC(F)(F)F)C=C2,0,1
C[N+]1=C(NCCC1)COC(=O)C(C2CCCCC2)(C3=CC=CC=C3)O,1,0
CN1CCN(CC1)C2=CC3=C(C=C2)N=C(N3)C4=C(C5=C(C=CC=C5F)NC4=O)N,0,1
CN1C=NC(=C1C[N+](C)(C)C/C=C/C(=O)NC2=NC=C3C(=C2)C(=NC=N3)NC4=CC(=C(C=C4)Cl)Br)[N+](=O)[O-],0,1
CN1C=NC2=C1C(=O)N(C(=O)N2C)C,1,0
CN1C=NC=C1[C@@](C2=CC=C(C=C2)Cl)(C3=CC4=C(C=C3)N(C(=O)C=C4C5=CC(=CC=C5)Cl)C)N,0,1
CNC(=O)C1=CN(N=C1)C2=NC(=C3C(=N2)N(C=N3)[C@H]4[C@@H]([C@@H]([C@H](O4)CO)O)O)N,1,0
CNC(=O)C[NH+](CCN(CCN(CC(=O)NC)CC(=O)[O-])CC(=O)[O-])CC(=O)[O-],1,0
CN=C1C[N+](=C(C2=C(N1)C=CC(=C2)Cl)C3=CC=CC=C3)O,1,0
CNCC[C@@H](C1=CC=CS1)OC2=CC=CC3=CC=CC=C32,0,1
CNS(=O)(=O)CC1=CC2=C(C=C1)NC=C2CC[NH+](C)C,1,0
CNS(=O)(=O)CCC1=CC2=C(C=C1)NC=C2C3CC[NH+](CC3)C,1,0
CO/N=C(/C1=CC=CO1)\C(=O)N[C@H]2[C@@H]3N(C2=O)C(=C(CS3)COC(=O)N)C(=O)[O-],1,0
CO[C@@]1([C@@H]2N(C1=O)C(=C(CS2)COC(=O)N)C(=O)[O-])NC(=O)CC3=CC=CS3,1,0
CO[C@@H]1[C@@H]([C@H]([C@@H]([C@H](O1)COS(=O)(=O)[O-])O[C@H]2[C@@H]([C@H]([C@@H]([C@@H](O2)C(=O)[O-])O[C@@H]3[C@@H]([C@H]([C@@H]([C@H](O3)COS(=O)(=O)[O-])O[C@H]4[C@@H]([C@H]([C@@H]([C@H](O4)C(=O)[O-])O[C@@H]5[C@@H]([C@H]([C@@H]([C@H](O5)COS(=O)(=O)[O-])O)O)NS(=O)(=O)[O-])O)O)OS(=O)(=O)[O-])NS(=O)(=O)[O-])O)OS(=O)(=O)[O-])O)NS(=O)(=O)[O-],1,0
COC(C(Cl)Cl)(F)F,1,0
COC(CNC(=O)C1=CC=CC=C1OCC(=O)[O-])C[Hg].O,1,0
COC(CNC(=O)N)C[Hg]Cl,1,0
COC(=O)[C@@H]([C@H]1CCCC[NH2+]1)C2=CC=CC=C2,1,0
COC(=O)[C@H](C1=CC=CC=C1Cl)[NH+]2CCC3=C(C2)C=CS3,1,0
COC(=O)C(C1CCCC[NH2+]1)C2=CC=CC=C2,1,0
COC(=O)C1=CC=CC=C1O,1,0
COC(=O)CCC(=O)C[NH3+],1,0
COC(=O)NC1=NC2=C(N1)C=C(C=C2)C(=O)C3=CC=CC=C3,1,0
COC1=C(C=C2C(=C1)N=CN=C2NC3=CC(=C(C=C3)F)Cl)OCCCN4CCOCC4,0,1
COC1=C(N=CN=C1OC)[N-]S(=O)(=O)C2=CC=C(C=C2)N,1,0
COC1=NC(=NC2=C1N=CN2[C@H]3[C@H]([C@@H]([C@H](O3)CO)O)O)N,1,0
COC1C[NH+](CCC1NC(=O)C2=CC(=C(C=C2OC)N)Cl)CCCOC3=CC=C(C=C3)F,1,0
COC1=CC(=CC(=C1OC)OC)[C@H]2[C@@H]3[C@H](COC3=O)[C@H](C4=CC5=C(C=C24)OCO5)O,1,0
CO[C@H]1[C@@H](C[C@@H]2C[NH+]3CCC4=C([C@H]3C[C@@H]2[C@@H]1C(=O)OC)NC5=CC=CC=C45)OC(=O)C6=CC(=C(C(=C6)OC)OC)OC,1,0
COC1=CC(=CC(=C1OC)OC)CC2=CN=C(N=C2N)N,1,0
COC1=CC(=O)OC(C1)/C=C/C2=CCCC=C2,0,1
COC1=C(C=C2C(=C1)C(=NC(=N2)N3CCN(CC3)C(=O)C4CCCO4)N)OC,1,0
COC1=C(C=C2C(=C1)C(=NC(=N2)N3CCN(CC3)C(=O)C4COC5=CC=CC=C5O4)N)OC,1,0
COC1=C(C=C2C(=C1)N=CN=C2NC3=CC(=C(C=C3)F)Cl)OCCC[NH+]4CCOCC4,1,0
COC1=CC(=C(C=C1)OC)C(CNC(=O)C[NH3+])O,1,0
COC1=CC(=C(C=C1)C(=O)C2=CC=CC=C2)O,1,0
COC1=CC=C(C=C1)C(=C(C2=CC=C(C=C2)OC)Cl)C3=CC=C(C=C3)OC,1,0
COC1=CC=C(C=C1)C2C(=O)C3=CC=CC=C3C2=O,1,0
COC1=CC=C(C=C1)O,1,0
COC1=C(C=C(C=C1)Cl)C(=O)NCCC2=CC=C(C=C2)S(=O)(=O)NC(=NC3CCCCC3)[O-],1,0
CO[C@H]1[C@@H](C[C@@H]2C[NH+]3CCC4=C([C@H]3C[C@@H]2[C@@H]1C(=O)OC)NC5=C4C=CC(=C5)OC)OC(=O)/C=C/C6=CC(=C(C(=C6)OC)OC)OC,1,0
CO[C@H]1[C@@H](C[C@@H]2C[NH+]3CCC4=C([C@H]3C[C@@H]2[C@@H]1C(=O)OC)NC5=C4C=CC(=C5)OC)OC(=O)C6=CC(=C(C(=C6)OC)OC)OC,1,0
COC1=CC2=C(C=CN=C2C=C1)[C@@H]([C@H]3C[C@@H]4CC[NH+]3C[C@@H]4C=C)O,1,0
COC1=CC2=C(C=CN=C2C=C1)[C@H]([C@@H]3C[C@@H]4CC[NH+]3C[C@@H]4C=C)O,1,0
COC1=CC=CC=C1OCC(CO)O,1,0
COC1=CC=CC=C1OCC(COC(=O)N)O,1,0
COC1=CC=CC=C1OCC[NH2+]CC(COC2=CC=CC3=C2C4=CC=CC=C4N3)O,1,0
COC1=C(C(=NC=C1)CS(=O)C2=NC3=C(N2)C=C(C=C3)OC(F)F)OC,1,0
COC1=CN=C(N=C1)[N-]S(=O)(=O)C2=CC=C(C=C2)N,1,0
COCCCC/C(=N\OCC[NH3+])/C1=CC=C(C=C1)C(F)(F)F,1,0
COCCNC(=O)C[NH+](CCN(CCN(CC(=O)NCCOC)CC(=O)[O-])CC(=O)[O-])CC(=O)[O-],1,0
COCCO,1,0
COCCOC1=C(C=C2C(=C1)C(=NC=N2)NC3=CC=CC(=C3)C#C)OCCOC.Cl,0,1
CS(=O)(=O)O.C1CO[P@@](=O)(O[C@@H]1C2=CC(=CC=C2)Cl)COCCN3C=NC4=C(N=CN=C43)N,0,1
CS(=O)C,1,0
II,1,0
N(=O)[O-],1,0
O1[As]2O[As]1O2,1,0
O[32P](=O)([O-])[O-],1,0
O=[Al]O[Al]=O,1,0
O[Si](=O)O,1,0
O=[Ti]=O,1,0
O=[Zn],1,0
OCl(=O)(=O)=O,1,0
S=[Se]=S,1,0
