smiles_std,p_np
CC(C)NCC(COC1=CC=CC2=CC=CC=C21)O.Cl,1
CC(C)(C)OC(=O)CCCC1=CC=C(C=C1)N(CCCl)CCCl,1
CC1COC2=C3N1C=C(C(=O)C3=CC(=C2N4CCN(CC4)C)F)C(=O)O,1
CC(=O)NCCCOC1=CC=CC(=C1)CN2CCCCC2,1
CCN1CCN(C(=O)C1=O)C(=O)N[C@H](C2=CC=C(C=C2)O)C(=O)N[C@H]3[C@@H]4N(C3=O)C(=C(CS4)CSC5=NN=NN5C)C(=O)O,1
C[C@@]1([C@H]2C[C@H]3[C@@H](C(=O)C(=C([C@]3(C(=O)C2=C(C4=C1C=CC=C4O)O)O)O)C(=O)NCN5CCCC5)N(C)C)O,1
CC1=NC=CN1CC2CCC3=C(C2=O)C4=CC=CC=C4N3C,1
CC(=O)O[C@@H]1[C@@H](SC2=CC=CC=C2N(C1=O)CCN(C)C)C3=CC=C(C=C3)OC,1
C1(=C(N=C(C(=N1)Cl)N)N)C(=O)N=C(N)N,1
CC1=CN(C(=O)NC1=O)[C@H]2C[C@@H]([C@H](O2)CO)F,1
C(Cl)Cl,1
CC(C)(C)NC(=O)C1CC2CCCCC2CN1CC(C(CC3=CC=CC=C3)NC(=O)C(CC(=O)N)NC(=O)C4=NC5=CC=CC=C5C=C4)O,1
CCC(=O)C(CC(C)N(C)C)(C1=CC=CC=C1)C2=CC=CC=C2,1
CCC(=O)N(C1=CC=CC=C1)C2(CCN(CC2)CCN3C(=O)N(N=N3)CC)COC,1
CN1C2CCC1CC(C2)OC(=O)[C@H](CO)C3=CC=CC=C3,1
C1=CC(=C(C(=C1)Cl)Cl)C2=C(N=C(N=N2)N)N,1
CCCC(C)C,1
C[C@@H](CC1=CC=CC=C1)N,1
CN(C)CC1=CC=C(O1)CSCCNC2=NC=C(C(=O)N2)CC3=CC4=CC=CC=C4C=C3,0
CC(C)(C)NCC(COC1=CC=CC2=C1C[C@@H]([C@@H](C2)O)O)O,1
CCC(=O)N(C1=CC=CC=C1)C2(CCN(CC2)CCC3=CC=CS3)COC,1
CCNC(=NCCSCC1=C(C=CC=N1)Br)NC#N,0
CC1=CC=C(C=C1)C2=C(N3C=C(C=CC3=N2)C)CC(=O)N(C)C,1
CN1CCN(CC1)C2=NC3=C(C=CC(=C3)Cl)NC4=CC=CC=C42,1
CCN1CCN(C(=O)C1=O)C(=O)N[C@H](C2=CC=CC=C2)C(=O)N[C@H]3[C@@H]4N(C3=O)[C@H](C(S4)(C)C)C(=O)O.O,1
CCCC(C)C1(C(=O)NC(=O)NC1=O)CC,1
C[C@H]1COC2=C3N1C=C(C(=O)C3=CC(=C2N4CCN(CC4)C)F)C(=O)O,1
C1CCN(CC1)CC2=CC(=CC=C2)OCCCNC(=O)C3=CC=CC=C3,1
CC(C)(C)OC(=O)C1=C2CN(C(=O)C3=C(N2C=N1)C=CS3)C,1
CCC(=O)N(C1CCN(CC1)CCC2=CC=CC=C2)C3=CC=CC=C3,1
CCOC(=O)C1=CN=CN1C(C)C2=CC=CC=C2,1
CN(C)C1=NC=CC(=C1)C2=NC(=NN2)N,0
CN1CCN(CC1)CCCN2C3=CC=CC=C3SC4=C2C=C(C=C4)Cl,1
CC(=O)NC1=CC=CC(=C1)C2=CSC(=N2)N=C(N)N,0
CN1[C@@H]2CCC[C@H]1CC(C2)NC(=O)C3=NN(C4=CC=CC=C43)C,1
CS(=O)(=O)C1=CC=C(C=C1)[C@H]([C@@H](CO)NC(=O)C(Cl)Cl)O,1
C1=CC=C(C=C1)C2=CSC(=N2)N=C(N)N,1
CC1=C(C(=CC=C1)C)OCC(C)N,1
CCC(=O)O[C@](CC1=CC=CC=C1)(C2=CC=CC=C2)[C@H](C)CN(C)C,1
CNCCCN1C2=CC=CC=C2SC3=C1C=C(C=C3)Cl,1
CN(C)CC1=CC=C(O1)C2=CC(=CC=C2)NC3C(=CC=N3)[N+](=O)[O-],1
CN1C(=NN=N1)SCC2=C(N3[C@@H]([C@@H](C3=O)NC(=O)[C@@H](C4=CC=CC=C4)O)SC2)C(=O)O,1
CN(C)CCC1=CC=CC=N1,1
C1CC(=O)N(C1)CCCCN2CCN(CC2)C3=NC=CC(=C3)C(F)(F)F,1
COC1=CC2=C(C=CN=C2C=C1)[C@@H]([C@H]3C[C@@H]4CCN3C[C@@H]4C=C)O,1
CCC1=CC=CC=C1,1
C1=CC(=CC(=C1)N)C2=CSC(=N2)N=C(N)N,1
CC[C@@]1(C[C@@H]2C[C@@](C3=C(CCN(C2)C1)C4=CC=CC=C4N3)(C5=C(C=C6C(=C5)[C@]78CCN9[C@H]7[C@@](C=CC9)([C@H]([C@@]([C@@H]8N6C)(C(=O)OC)O)OC(=O)C)CC)OC)C(=O)OC)O,1
CCCC(=O)NC1=CC(=C(C=C1)OCC(CNC(C)C)O)C(=O)C,1
C1=CC=C2C(=C1)N(C3=C(S2)C=CC(=C3)Cl)CCCN,1
CN(C)CC1=CC=C(O1)CSCCNC2=C(C(=CN2)CC3=CC=CC=C3)[N+](=O)[O-],1
CN=C(NC#N)NC1=CC=CC(=C1)C2=CSC(=N2)N=C(N)N,0
CNCCC1=CC=CC=N1,1
[H+].CN[C@H]1CC[C@H](C2=CC=CC=C12)C3=CC(=C(C=C3)Cl)Cl.[Cl-],1
CC[C@@]1(C[C@@H]2C[C@@](C3=C(CCN(C2)C1)C4=CC=CC=C4N3)(C5=C(C=C6C(=C5)[C@]78CCN9[C@H]7[C@@](C=CC9)([C@H]([C@@]([C@@H]8N6C=O)(C(=O)OC)O)OC(=O)C)CC)OC)C(=O)OC)O,1
CCC(C1=CC=CC=C1)NC(=O)C2=C(C(=NC3=CC=CC=C32)C4=CC=CC=C4)C,1
CN(C)CC1=CC(=NC=C1)C2=CC(=CC=C2)NC3C(=CC=N3)[N+](=O)[O-],1
CNCCCC12CCC(C3=CC=CC=C31)C4=CC=CC=C24,1
C1CCN(CC1)CC2=CC(=CC=C2)OCCCNC3=NC=CS3,1
C1=CC=C2C(=C1)C3C(O3)C4=CC=CC=C4N2C(=O)N,1
C1CCCCC1,1
CC1=CSC(=N1)N=C(N)N,1
CCCN(CCC)CCC1=C2CC(=O)NC2=C(C=C1)O,1
CN1CC2C(C1)C3=C(C=CC(=C3)Cl)OC4=CC=CC=C24,1
CO/N=C(/C1=CC=CO1)\C(=O)N[C@H]2[C@@H]3N(C2=O)C(=C(CS3)COC(=O)N)C(=O)O,1
C1CCN(CC1)CC2=CC(=CC=C2)OCCCNC3=NC4=CC=CC=C4O3,1
CC1=C2C(=CC=C1)C3CN(CCC3(C4=CC=CC=C4O2)O)C,1
CCCSC1=CC2=C(C=C1)N=C(N2)NC(=O)OC,1
C1=CC2=NC(=CN2C=C1)CCN,0
CCCN(CCC)CCC1=C2CC(=O)NC2=CC=C1,1
C1C2C(CN1)C3=C(C=CC(=C3)Cl)OC4=CC=CC=C24,1
CN(C)CCC=C1C2=CC=CC=C2CCC3=CC=CC=C31,1
CN1C(=NC(=O)C(=O)N1)SCC2=C(N3[C@@H]([C@@H](C3=O)NC(=O)/C(=N\OC)/C4=CSC(=N4)N)SC2)C(=O)O,1
C1CCN(CC1)CC2=CC(=CC=C2)OCCCNC3=CC=CC=N3,1
CC1=C2C(=CC=C1)C3CNCCC3(C4=CC=CC=C4O2)O,1
C1CCN(CC1)CC2=CC(=CC=C2)OCCCO,1
CC1=C(SC=N1)CCCl,1
CCN(CC)C(=O)NC1=CC(=C(C=C1)OCC(CNC(C)(C)C)O)C(=O)C,1
C(C(F)(F)F)Cl,1
CO[C@@]1([C@@H]2N(C1=O)C(=C(CS2)COC(=O)N)C(=O)O)NC(=O)CC3=CC=CS3,1
C=CCC(C1=CC=CC=C1C2=NOC3=CC=CC=C32)N,1
CC1=C(C(=O)N2CCCC(C2=N1)O)CCN3CCC(CC3)C4=NOC5=C4C=CC(=C5)F,1
CC(=O)NC1=CC=C(C=C1)O,1
C1=NNC2=C1C(=O)NC=N2,0
CCCCC[C@@H](/C=C/[C@H]1[C@@H](CC(=O)[C@@H]1CCCCCCC(=O)O)O)O,0
CCCCC1=C(C2=CC=CC=C2O1)C(=O)C3=CC(=C(C(=C3)I)OCCN(CC)CC)I,0
CC1([C@@H](N2[C@H](S1)[C@@H](C2=O)NC(=O)[C@@H](C3=CC=C(C=C3)O)N)C(=O)O)C.O.O.O,0
CC1([C@@H](N2[C@H](S1)[C@@H](C2=O)NC(=O)[C@@H](C3=CC=CC=C3)N)C(=O)O)C,0
C[C@]12CCC(=O)C=C1CC[C@@H]3[C@@H]2CC[C@]4([C@H]3CC[C@]4(C)O)C,0
C1COC(OC1)CCN2CCN(CC2)CCCN3C4=CC=CC=C4SC5=C3C=C(C=C5)C(F)(F)F.C(CC(=O)O)C(=O)O,1
C1=CC=C(C=C1)C2=NC(C(=O)NC3=C2C=C(C=C3)Cl)O,1
C1CN(CCC1N2C3=CC=CC=C3NC2=O)CCOC4=CC=CC=C4,1
CN1CC[C@]23[C@@H]4C(=O)CC[C@]2([C@H]1CC5=C3C(=C(C=C5)OC)O4)O,1
CN1CC[C@]23[C@@H]4C(=O)CC[C@]2([C@H]1CC5=C3C(=C(C=C5)O)O4)O,1
CN1CCCC(C1)CN2C3=CC=CC=C3SC4=CC=CC=C42,1
C1=CC=C(C=C1)C2C(=O)N=C(O2)N,1
C[C@@H]1[C@H]2CC3=C([C@@]1(CCN2CC=C(C)C)C)C=C(C=C3)O,1
CCC1=NC=CC(=C1)C(=S)N,1
C[C@@H]1OC[C@@H]2[C@@H](O1)[C@@H]([C@H]([C@@H](O2)O[C@H]3C4COC(=O)[C@@H]4[C@@H](C5=CC6=C(C=C35)OCO6)C7=CC(=C(C(=C7)OC)O)OC)O)O,0
C1=C(N=C(S1)N=C(N)N)CSCCC(=NS(=O)(=O)N)N,1
C(=O)([O-])P(=O)([O-])[O-].[Na+].[Na+].[Na+],1
C1CCC(CC1)(CC(=O)O)CN,1
CCOC1=C(C2=CC=CC=C2C=C1)C(=O)N[C@H]3[C@@H]4N(C3=O)[C@H](C(S4)(C)C)C(=O)[O-].[Na+],0
CCN1C=C(C(=O)C2=C1N=C(C=C2)C)C(=O)O,0
CC1=C(C=CC=C1O)C(=O)N[C@@H](CSC2=CC=CC=C2)[C@@H](CN3C[C@H]4CCCC[C@H]4C[C@H]3C(=O)NC(C)(C)C)O,0
[H+].C[C@@]1([C@H]2C[C@H]3[C@@H](C(=O)C(=C([C@]3(C(=O)C2=C(C4=C(C=CC(=C41)Cl)O)O)O)O)C(=O)N)N(C)C)O.[Cl-],0
C[C@H]1C[C@H]2[C@@H]3CCC4=CC(=O)C=C[C@@]4([C@]3([C@H](C[C@@]2([C@]1(C(=O)CO)O)C)O)F)C,0
CC1([C@@H](N2[C@H](S1)[C@@H](C2=O)NC(=O)C(C3=CC=CC=C3)C(=O)O)C(=O)O)C,0
C[C@](CC1=CC(=C(C=C1)O)O)(C(=O)O)NN,0
CC(C)(C)NCC(COC1=CC=CC2=C1CCC(=O)N2)O,0
CC1=NN=C(S1)SCC2=C(N3[C@@H]([C@@H](C3=O)NC(=O)CN4C=NN=N4)SC2)C(=O)[O-].[Na+],0
CC(=O)OCC1=C(N2[C@@H]([C@@H](C2=O)NC(=O)CSC3=CC=NC=C3)SC1)C(=O)O,0
C1=CC(=CC=C1CCCC(=O)O)N(CCCl)CCCl,0
CCCN1C[C@@H](C[C@H]2[C@H]1CC3=CNC4=CC=CC2=C34)CSC,1
CN1CCN(CC1)C2=NC3=CC=CC=C3CC4=CC=CC=C42,1
C1CN(CCN1CCCN2C3=CC=CC=C3SC4=C2C=C(C=C4)Cl)CCO,1
CCOC(=O)C1(CCN(CC1)C)C2=CC=CC=C2,1
C1CCC(CC1)(C2=CC=CC=C2)N3CCCCC3,1
C1=CC=C(C=C1)CCNN.OS(=O)(=O)O,1
CCC1(C(=O)NC(=O)NC1=O)C2=CC=CC=C2,1
C1=CC=C(C=C1)CCCOC(=O)N,1
C[C@@]12CCN([C@@H]1N(C3=C2C=C(C=C3)OC(=O)NC)C)C,1
C1=CC(=C(C=C1C(CN)O)O)O,0
CC1=CN=C(C(=C1OC)C)CS(=O)C2=NC3=C(N2)C=C(C=C3)OC,0
C1[C@@H]([C@H](O[C@H]1N2C=NC3=C2NC=NC[C@H]3O)CO)O,1
CC1([C@@H](N2[C@H](S1)[C@@H](C2=O)NC(=O)COC3=CC=CC=C3)C(=O)[O-])C,0
C1=CC(=CC=C1C(C(CO)NC(=O)C(Cl)Cl)O)[N+](=O)[O-],0
CCCNC(=O)NS(=O)(=O)C1=CC=C(C=C1)Cl,0
C[C@@]1([C@H]2C[C@H]3[C@@H](C(=O)C(=C([C@]3(C(=O)C2=C(C4=C(C=CC(=C41)Cl)O)O)O)O)C(=O)N)N(C)C)O,0
C1=CC=C2C(=C1)C(=O)NC2(C3=CC(=C(C=C3)Cl)S(=O)(=O)N)O,0
CCOC(=O)C(C)(C)OC1=CC=C(C=C1)Cl,0
CC(C)(C(=O)O)OC1=CC=C(C=C1)Cl,0
C[C@]12CCC(=O)C=C1CC[C@@H]3[C@@H]2[C@H](C[C@]4([C@H]3CC[C@@H]4C(=O)CO)C)O,0
C[C@]12CCC(=O)C=C1CC[C@@H]3[C@@H]2C(=O)C[C@]4([C@H]3CC[C@@]4(C(=O)CO)O)C,0
C1CN(CCC1CCO)CC/C=C/2\C3=C(C=C(C=C3)F)SC4=C2C=C(C=C4)C(F)(F)F,1
C1CN(CCC1N2C3=CC=CC=C3NC2=O)CCCC(C4=CC=C(C=C4)F)C5=CC=C(C=C5)F,1
C1CN(CCN1CC/C=C\2/C3=CC=CC=C3COC4=C2C=C(C=C4)Cl)CCO,1
C1CC1CN2C(=O)CN=C(C3=C2C=CC(=C3)Cl)C4=CC=CC=C4,1
CC(=O)[C@H]1CC[C@@H]2[C@@]1(CC[C@H]3[C@H]2CC[C@H]4[C@@]3(CC[C@H](C4)O)C)C,1
CCC1(C(=O)NCNC1=O)C2=CC=CC=C2,1
CCN(CC)CCOC(=O)C1=CC=C(C=C1)N,1
C1CCC(CC1)C(CCN2CCCC2)(C3=CC=CC=C3)O,1
CN(C)CCCN1C2=CC=CC=C2SC3=CC=CC=C31,1
CC(C)NCC(COC1=CC=CC2=C1C=CN2)O,1
C[C@@H]1[C@H]([C@@H](C[C@@H](O1)O[C@@H]2C[C@@H](O[C@@H]([C@H]2O)C)OC3=CC4=CC5=C(C(=O)[C@H]([C@@H](C5)[C@@H](C(=O)[C@H]([C@@H](C)O)O)OC)O[C@H]6C[C@H]([C@@H]([C@H](O6)C)O)O[C@H]7C[C@H]([C@@H]([C@H](O7)C)O)O[C@H]8C[C@]([C@@H]([C@H](O8)C)O)(C)O)C(=C4C(=C3C)O)O)O)O,1
C1CCC(CC1)C(=O)N2CC3C4=CC=CC=C4CCN3C(=O)C2,1
COC1=CC(=CC(=C1OC)OC)CC2=CN=C(N=C2N)N,1
C(C(CO)(CO)N)O,0
C(=O)(N)N,1
C1=CC=C2C(=C1)C=CC(=O)O2,0
C1=CC(=CC=C1N)S(=O)(=O)C2=CC=C(C=C2)N,0
C[C@H](CCC(=O)O)[C@H]1CC[C@@H]2[C@@]1(C(=O)C[C@H]3[C@H]2C(=O)C[C@H]4[C@@]3(CCC(=O)C4)C)C,0
C1=CC=C2C(=C1)C(=C(C(=O)O2)CC3=C(C4=CC=CC=C4OC3=O)O)O,0
CCN(CC)CCOC(=O)C1(CCCCC1)C2CCCCC2,0
CC/C(=C(/CC)\C1=CC=C(C=C1)O)/C2=CC=C(C=C2)O,0
C1CN(CCC1N2C3=C(C=C(C=C3)Cl)NC2=O)CCCN4C5=CC=CC=C5NC4=O,0
CC(CN1C2=CC=CC=C2SC3=CC=CC=C31)N(C)C,1
CCC(=O)C1=CC2=C(C=C1)SC3=CC=CC=C3N2CC(C)N(C)C,1
CC(C)C1=C(C(=CC=C1)C(C)C)O,1
CNCCCC1C2=CC=CC=C2C=CC3=CC=CC=C13,1
C1=CNN=CC1=O,1
C1C(=S)N(C2=C(C=C(C=C2)Cl)C(=N1)C3=CC=CC=C3F)CC(F)(F)F,1
CO[C@H]1[C@@H](C[C@@H]2CN3CCC4=C([C@H]3C[C@@H]2[C@@H]1C(=O)OC)NC5=C4C=CC(=C5)OC)OC(=O)/C=C/C6=CC(=C(C(=C6)OC)OC)OC,1
CO[C@H]1[C@@H](C[C@@H]2CN3CCC4=C([C@H]3C[C@@H]2[C@@H]1C(=O)OC)NC5=C4C=CC(=C5)OC)OC(=O)C6=CC(=C(C(=C6)OC)OC)OC,1
CCCC(C)C1(C(=O)NC(=O)NC1=O)CC=C,1
C1CC(CCC1C2=CC=C(C=C2)Cl)C3=C(C4=CC=CC=C4C(=O)C3=O)O,0
C(CCCC(=O)O)CCCC(=O)O,0
CC[C@H](C)[C@H]1C(=O)N[C@@H](C(=O)N[C@H](C(=O)N[C@@H](C(=O)N[C@H](C(=O)N[C@H](C(=O)N[C@@H](C(=O)N1)CCCN)CCCCNC(=O)[C@H]([C@@H](C)CC)NC(=O)[C@@H](CCC(=O)O)NC(=O)[C@H](CC(C)C)NC(=O)C2CSC(=N2)C(C(C)CC)N)CC(=O)N)CC(=O)O)CC3=CN=CN3)CC4=CC=CC=C4,0
CC(C[N+](C)(C)C)OC(=O)N.[Cl-],0
CC[N+](C)(C)CC1=CC=CC=C1Br.CC1=CC=C(C=C1)S(=O)(=O)[O-],0
CC(C)C[C@H]1C(=O)N2CCC[C@H]2[C@]3(N1C(=O)[C@](O3)(C(C)C)NC(=O)[C@H]4CN([C@@H]5CC6=C(NC7=CC=CC(=C67)C5=C4)Br)C)O,0
C1=CC(=C(C=C1CCN)O)O,0
C[C@@H]1[C@H]2[C@@H]([C@H]3[C@@H](C(=O)C(=C([C@]3(C(=O)C2=C(C4=C1C=CC=C4O)O)O)O)C(=O)N)N(C)C)O.O,0
CCCCOC1=CC=C(C=C1)C(=O)CCN2CCCCC2.Cl,0
C[C@@H]([C@@H](C1=CC=CC=C1)O)NC,0
CNC[C@@H](C1=CC(=C(C=C1)O)O)O,0
C[C@]12CC[C@H]3[C@H]([C@@H]1CC[C@@H]2O)CCC4=C3C=CC(=C4)O,0
C1CCC2=NC3=CC=CC=C3C(=C2C1)N,1
CN1C2=C(C=C(C=C2)Cl)C(=NC(C1=O)O)C3=CC=CC=C3,1
CC(C)CC1CN2CCC3=CC(=C(C=C3C2CC1=O)OC)OC,1
CCCCCC1=CC(=C2[C@@H]3C=C(CC[C@H]3C(OC2=C1)(C)C)C)O,1
CN1CC[C@]23[C@@H]4C(=CC=C2[C@H]1CC5=C3C(=C(C=C5)OC)O4)OC,1
CCSC1=CC2=C(C=C1)SC3=CC=CC=C3N2CCCN4CCN(CC4)C,1
CN1CCCCC1CCN2C3=CC=CC=C3SC4=C2C=C(C=C4)SC,1
CN1CCN(CC1)CC/C=C/2\C3=CC=CC=C3SC4=C2C=C(C=C4)S(=O)(=O)N(C)C,1
[H+].C1[C@H]([C@@H]1N)C2=CC=CC=C2.[Cl-],1
C1CN(CCN1CCCN2C(=O)N3C=CC=CC3=N2)C4=CC(=CC=C4)Cl,1
CS(=O)(=O)OCCCCOS(=O)(=O)C,1
CC1=C(N2[C@@H]([C@@H](C2=O)NC(=O)[C@@H](C3=CCC=CC3)N)SC1)C(=O)O,0
CCN(CC)CCCC(C)NC1=C2C=CC(=CC2=NC=C1)Cl,1
COC1CN(CCC1NC(=O)C2=CC(=C(C=C2OC)N)Cl)CCCOC3=CC=C(C=C3)F.O,1
C1[C@@H]([C@H](O[C@H]1N2C=NC3=C(N=C(N=C32)Cl)N)CO)O,1
C[N+]12CCC(CC1)C(C2)OC(=O)C(C3=CC=CC=C3)(C4=CC=CC=C4)O.[Br-],0
C[C@]12CC[C@H]3[C@H]([C@@H]1CCC2=O)CCC4=C3C=CC(=C4)O,0
CCC(=C)C(=O)C1=C(C(=C(C=C1)OCC(=O)O)Cl)Cl,0
C[C@]12CC[C@H]3[C@H]([C@@H]1CC[C@]2(C#C)O)CCC4=C3C=CC(=C4)O,0
CC(CC1=CC=C(C=C1)O)NCC(C2=CC(=CC(=C2)O)O)O,0
C1[C@@H]([C@H](O[C@H]1N2C=C(C(=O)NC2=O)F)CO)O,0
C1=C(C(=O)NC(=O)N1)F,0
C1=NC2=C(N1COC(CO)CO)N=C(NC2=O)N,0
C[N+]1(CCC(C1)OC(=O)C(C2CCCC2)(C3=CC=CC=C3)O)C.[Br-],0
C1CN(CCC1(C2=CC(=CC=C2)C(F)(F)F)O)CCCC(=O)C3=CC=C(C=C3)F,1
CN(C)CCCN1C2=CC=CC=C2SC3=C1C=C(C=C3)C(F)(F)F,1
CN1CCN(CC1)CCCN2C3=CC=CC=C3SC4=C2C=C(C=C4)C(F)(F)F,1
C1CCC(CC1)C(CCN2CCCCC2)(C3=CC=CC=C3)O,1
COC1=CC(=CC(=C1OC)OC)C(=O)N2CCOCC2,1
CC(CN1C2=CC=CC=C2CCC3=CC=CC=C31)CN(C)C,1
CCCCNC(=O)OCC(C)(CCC)COC(=O)N,1
C1=CN(C(=O)NC1=O)C2C(C(C(O2)CO)O)O,1
CCCC(CCC)C(=O)O,1
CN(C)C/C=C(/C1=CC=C(C=C1)Br)\C2=CN=CC=C2,1
CC(C)N=C1C=C2C(=NC3=CC=CC=C3N2C4=CC=C(C=C4)Cl)C=C1NC5=CC=C(C=C5)Cl,0
C1=CC2=C(C(=C1)OCC(COC3=CC4=C(C=C3)OC(=CC4=O)C(=O)O)O)C(=O)C=C(O2)C(=O)O,0
C1C(C(=O)NO1)N,1
C(=O)(N)NO,1
CC(C)[N+]1(C2CCC1CC(C2)OC(=O)C(CO)C3=CC=CC=C3)C.[Br-],0
C1=CC(=C(C(=C1)Cl)/C=N/N=C(N)N)Cl,0
CN1C2CCC1CC(C2)OC(=O)C(C3=CC=CC=C3)O,0
C1=CC=C2C(=C1)C=NN=C2NN,0
C[C@]12CCC(=O)C=C1CC[C@@H]3[C@@H]2[C@H](C[C@]4([C@H]3CC[C@@]4(C(=O)CO)O)C)O,0
CC(C)CC1=CC=C(C=C1)C(C)C(=O)O,0
CCCN(CCC)CCC1=C2CC(=C)NC2=C(C=C1)O,1
CC1=C(C(=O)N2CCC[C@H](C2=N1)O)CCN3CCC(CC3)C4=NOC5=C4C=CC(=C5)F,1
CC1=NN=C2N1C3=C(C=C(C=C3)Cl)C(=NC2)C4=CC=CC=C4,1
CCC(C)N1C(=O)N(C=N1)C2=CC=C(C=C2)N3CCN(CC3)C4=CC=C(C=C4)OC[C@H]5CO[C@](O5)(CN6C=NC=N6)C7=C(C=C(C=C7)Cl)Cl,0
C1C(C(C(C(C1N)OC2C(C(C(C(O2)CN)O)O)O)O)OC3C(C(C(C(O3)CO)O)N)O)N,0
CC(C1=CC(=CC=C1)C(=O)C2=CC=CC=C2)C(=O)O,1
C1CN2C(=CC=C2C(=O)C3=CC=CC=C3)C1C(=O)O,0
C[C@@H]([C@@H](C1=CC(=CC=C1)O)O)N,0
C1=CN=CC=C1C(=O)NN,0
CC(C)NCC(C1=CC(=C(C=C1)O)O)O,0
CC(=O)N1CCN(CC1)C2=CC=C(C=C2)OC[C@H]3CO[C@](O3)(CN4C=CN=C4)C5=C(C=C(C=C5)Cl)Cl,0
CC(CCC1=CC=CC=C1)NCC(C2=CC(=C(C=C2)O)C(=O)N)O,0
C(C(C(C(C(CO)O)O)O)O)O,0
CN(C)C1C2C(C3C(=C)C4=C(C=CC(=C4C(=C3C(=O)C2(C(=C(C1=O)C(=O)N)O)O)O)O)Cl)O,0
CC1=C(C(=C(C=C1)Cl)NC2=CC=CC=C2C(=O)O)Cl,0
CC1=C(C(=CC=C1)NC2=CC=CC=C2C(=O)O)C,0
CC1=C(N=CN1)CSCCNC(=NC)NC#N,0
C1CN=C(N1)NC2=C(C=CC=C2Cl)Cl,1
C1C[C@@H](O[C@@H]1CO)N2C=NC3=C2N=CNC3=O,0
CC(C)NCC(COC1=CC=C(C=C1)CCOC)O,1
CC#C[C@@]1(CC[C@@H]2[C@@]1(C[C@@H](C3=C4CCC(=O)C=C4CC[C@@H]23)C5=CC=C(C=C5)N(C)C)C)O,0
CN(C)[C@H]1[C@@H]2C[C@@H]3CC4=C(C=CC(=C4C(=C3C(=O)[C@@]2(C(=C(C1=O)C(=O)N)O)O)O)O)N(C)C,1
C1COCCN1CCNC(=O)C2=CC=C(C=C2)Cl,1
CC(C)[N+](C)(CCOC(=O)C1C2=CC=CC=C2OC3=CC=CC=C13)C(C)C.[Br-],0
C1=CN=C(C=N1)C(=O)N,1
C[N+]1=CC=CC(=C1)OC(=O)N(C)C.[Br-],1
CCC1=C(C(=NC(=N1)N)N)C2=CC=C(C=C2)Cl,1
COC1=CC2=C(C=CN=C2C=C1)[C@H]([C@@H]3C[C@H]4CCN3C[C@@H]4C=C)O,0
C1=CC(=CC=C1CC(C(=O)O)N)N(CCCl)CCCl,0
C[N+]1(CCCC(C1)OC(=O)C(C2=CC=CC=C2)(C3=CC=CC=C3)O)C.[Br-],0
CN(C)CCN(CC1=CC=C(C=C1)OC)C2=CC=CC=N2,0
C[C@]12CC[C@H]3[C@H]([C@@H]1CC[C@]2(C#C)O)CCC4=C3C=CC(=C4)OC,0
CC[N+](C)(CC)CCOC(=O)C1C2=CC=CC=C2OC3=CC=CC=C13,0
CN(CC1=CN=C2C(=N1)C(=NC(=N2)N)N)C3=CC=C(C=C3)C(=O)N[C@@H](CCC(=O)O)C(=O)O,0
C[C@](CC1=CC(=C(C=C1)O)O)(C(=O)O)N,0
[H+].[H+].[H+].CC1=NC=C(C=C1)CC2=CN=C(NC2=O)NCCCCC3=C(C=CC=N3)OC.[Cl-].[Cl-].[Cl-],0
CC1=NC=C(C=C1)CC2=CN=C(NC2=O)NCCSCC3=CC=C(O3)C(C)(C)N,0
CN1CCN2C(C1)C3=CC=CC=C3CC4=CC=CC=C42,1
CC1=NC=C2N1C3=C(C=C(C=C3)Cl)C(=NC2)C4=CC=CC=C4F,1
CC(C)(C)NC(=O)[C@@H]1C[C@@H]2CCCC[C@@H]2CN1C[C@H]([C@H](CC3=CC=CC=C3)NC(=O)[C@H](CC(=O)N)NC(=O)C4=NC5=CC=CC=C5C=C4)O,0
C(OC(C(F)(F)F)C(F)(F)F)F,1
CC(=O)NC1=C(C(=C(C(=C1I)C(=O)[O-])I)NC(=O)C)I.[Na+],0
CC(C)NCC(C1=CC=C(C=C1)NS(=O)(=O)C)O,1
CC1=CN(C(=O)NC1=O)[C@H]2C=C[C@H](O2)CO,1
C[C@H]1[C@@]([C@H]([C@@H](O1)O[C@@H]2[C@H]([C@@H]([C@H]([C@@H]([C@H]2O)O)N=C(N)N)O)N=C(N)N)O[C@H]3[C@H]([C@@H]([C@H]([C@@H](O3)CO)O)O)NC)(C=O)O,0
C1=CN=C(N=C1)NS(=O)(=O)C2=CC=C(C=C2)N,1
CC1=C(ON=C1C)NS(=O)(=O)C2=CC=C(C=C2)N,1
C[C@]12CC[C@H]3[C@H]([C@@H]1CC[C@@H]2O)CCC4=CC(=O)CC[C@H]34,0
CCOC(=O)C(C1=C(C2=CC=CC=C2OC1=O)O)C3=C(C4=CC=CC=C4OC3=O)O,0
C1=CC(=CN=C1)CO,0
C[C@]12CC[C@H]3[C@H]([C@@H]1CC[C@]2(C#C)O)CCC4=CC(=O)CC[C@H]34,0
C1=CC(=CC(=C1)O)C(CN)O,0
CC(CCC1=CC=CC=C1)NC(C)C(C2=CC=C(C=C2)O)O,0
C[C@]12CC[C@H]3[C@H]([C@@H]1CC[C@]2(C)O)CC[C@@H]4[C@@]3(COC(=O)C4)C,0
CN1CCN2C(C1)C3=CC=CC=C3CC4=C2N=CC=C4,1
CC1=C2C(=NC=C1)N(C3=C(C=CC=N3)C(=O)N2)C4CC4,1
C1[C@@H]2[C@H](CN1)C3=C(C=CC(=C3)Cl)OC4=CC=CC=C24,1
CC1=C2C(=CC=C1)[C@H]3CNCC[C@@]3(C4=CC=CC=C4O2)O,1
C=CC[C@@H](C1=CC=CC=C1C2=NOC3=CC=CC=C32)N,1
CC1=C2C(=CC=C1)[C@H]3CN(CC[C@@]3(C4=CC=CC=C4O2)O)C,1
CN1C[C@@H]2[C@H](C1)C3=C(C=CC(=C3)Cl)OC4=CC=CC=C24,1
CC1=CC(=NO1)NS(=O)(=O)C2=CC=C(C=C2)N,1
CC/C(=C(\C1=CC=CC=C1)/C2=CC=C(C=C2)OCCN(C)C)/C3=CC=CC=C3,1
CC1([C@@H](N2[C@H](S1)[C@@H](C2=O)NC(=O)[C@@H](C3=CSC=C3)C(=O)[O-])C(=O)[O-])C.[Na+].[Na+],1
CC[C@@]1(C2=C(COC1=O)C(=O)N3CC4=CC5=C(C=CC(=C5CN(C)C)O)N=C4C3=C2)O,1
C1C[C@@H](O[C@@H]1CO)N2C=CC(=NC2=O)N,1
C1=CC=C2C(=C1)C(=NO2)CS(=O)(=O)N,1
C1C(N(C2=C(N1)N=C(NC2=O)N)C=O)CNC3=CC=C(C=C3)C(=O)N[C@@H](CCC(=O)[O-])C(=O)[O-].[Ca+2],1
C[C@@]1([C@H]2[C@@H]([C@H]3[C@@H](C(=O)C(=C([C@]3(C(=O)C2=C(C4=C1C=CC=C4O)O)O)O)C(=O)N)N(C)C)O)O.O.O,0
COC1=C(C=C(C=C1)CC2=NC=CC3=CC(=C(C=C32)OC)OC)OC,0
CC1([C@@H](N2[C@H](S1)[C@@H](C2=O)NC(=O)CC3=CC=CC=C3)C(=O)O)C,0
CCOC1=CC=C(C=C1)NC(=O)C,0
C1=CC=C(C=C1)N=NC2=C(N=C(C=C2)N)N,0
CN(C)CCC(C1=CC=CC=C1)C2=CC=CC=N2,0
C1=CC=C2C(=C1)C(=O)OC2(C3=CC=C(C=C3)O)C4=CC=C(C=C4)O,0
CC(COC1=CC=CC=C1)N(CCCl)CC2=CC=CC=C2,0
CCCCC1C(=O)N(N(C1=O)C2=CC=CC=C2)C3=CC=CC=C3,0
CC(C)(C)NCC(C1=NC(=C(C=C1)O)CO)O,0
CC1=C(C(=O)N2CCCCC2=N1)CCN3CCC(CC3)C4=NOC5=C4C=CC(=C5)F,1
C[C@@]12CCN([C@@H]1N(C3=C2C=C(C=C3)OC(=O)NC4=CC=CC=C4)C)C,1
CC1=NC=C(C=C1)CC2=CN=C(NC2=O)NCCCCC3=NC=C(C=C3C)Br,0
C[C@@H]1CC2=C(CCC(=O)C2)[C@@H]3[C@@H]1[C@@H]4CC[C@]([C@]4(CC3)C)(C#C)O,1
CC(C)(C(=O)O)O/N=C(/C1=CSC(=N1)N)\C(=O)N[C@H]2[C@@H]3N(C2=O)C(=C(CS3)C[N+]4=CC=CC=C4)C(=O)[O-],1
C1=NC(=O)NC(=C1F)N,1
C1CCC2(CC1)OCC(O2)CN=C(N)N,0
CN(C(=O)N[C@@H]1[C@H]([C@@H]([C@H](O[C@@H]1O)CO)O)O)N=O,0
COC1=CC(=CC(=C1O)OC)[C@H]2[C@@H]3[C@H](COC3=O)[C@@H](C4=CC5=C(C=C24)OCO5)OC6C(C(C7C(O6)COC(O7)C8=CC=CS8)O)O,1
C1CN1P(=S)(N2CC2)N3CC3,1
C[C@H]1[C@H]([C@@](C[C@@H](O1)O[C@@H]2[C@H]([C@@H]([C@H](O[C@H]2OC3=C4C=C5C=C3OC6=C(C=C(C=C6)[C@H](C(C(=O)N[C@H](C(=O)N[C@H]5C(=O)N[C@@H]7C8=CC(=C(C=C8)O)C9=C(C=C(C=C9O)O)[C@@H](NC(=O)[C@H]([C@@H](C1=CC(=C(O4)C=C1)Cl)O)NC7=O)C(=O)O)CC(=O)N)NC(=O)[C@@H](CC(C)C)NC)O)Cl)CO)O)O)(C)N)O,0
C[C@]12C[C@@H]([C@H]3[C@H]([C@@H]1CC[C@@]2(C(=O)CO)O)CCC4=CC(=O)C=C[C@]34C)O,0
C[C@]12CC(=O)[C@H]3[C@H]([C@@H]1CC[C@@]2(C(=O)CO)O)CCC4=CC(=O)C=C[C@]34C,0
CCCN(CCC)S(=O)(=O)C1=CC=C(C=C1)C(=O)O,0
CC(=O)[C@H]1CC[C@@H]2[C@@]1(CC[C@H]3[C@H]2CCC4=CC(=O)CC[C@]34C)C,0
CC(C)NCC(COC1=CC=CC2=CC=CC=C21)O,0
CN(C)C1=NC=NC2=C1N=CN2[C@H]3[C@@H](C([C@H](O3)CO)NC(=O)[C@H](CC4=CC=C(C=C4)OC)N)O,0
C1=NC(=NN1[C@H]2[C@@H]([C@@H]([C@H](O2)CO)O)O)C(=O)N,0
CN=C(NCCSCC1=CSC(=N1)N=C(N)N)NC#N,1
C1C2=CN=C(N2C3=C(C=C(C=C3)Cl)C(=N1)C4=CC=CC=C4F)CO,1
CC(Cl)(Cl)Cl,1
CC(C)CO,1
CCC(C)(C)C,1
C1=NC(=C2C(=N1)N(C=N2)C3C(C(C(O3)CO)O)O)N,1
C1CCC(CC1)NC(=S)N2CCC(CC2)C3=CN=CN3,1
CC1C=CC=C(C(=O)NC2=C(C(=C3C(=C2O)C(=C(C4=C3C(=O)C(O4)(OC=CC(C(C(C(C(C(C1O)C)O)C)OC(=O)C)C)OC)C)C)O)O)C=NN5CCN(CC5)C)C,0
C1=CC=C(C(=C1)C(=O)O)O,0
CN1[C@@H]2CC(C[C@H]1[C@H]3[C@@H]2O3)OC(=O)[C@H](CO)C4=CC=CC=C4,0
CC(=O)S[C@@H]1CC2=CC(=O)CC[C@@]2([C@@H]3[C@@H]1[C@@H]4CC[C@]5([C@]4(CC3)C)CCC(=O)O5)C,0
C[C@]12CC[C@H]3[C@H]([C@@H]1CC[C@]2(C)O)CC[C@@H]4[C@@]3(CC5=C(C4)NN=C5)C,0
C1=CC=NC(=C1)NS(=O)(=O)C2=CC=C(C=C2)N=NC3=CC(=C(C=C3)O)C(=O)O,0
CC(C)N1CCN(CC1)C2=CC=C(C=C2)OC[C@H]3CO[C@](O3)(CN4C=NC=N4)C5=C(C=C(C=C5)Cl)Cl,0
C[C@]12CC[C@H]3[C@H]([C@@H]1CCC(=O)O2)CCC4=CC(=O)C=C[C@]34C,0
C[C@]12CC[C@H]3[C@H]([C@@H]1CC[C@@H]2O)CCC4=CC(=O)CC[C@]34C,0
C[C@@]1([C@H]2C[C@H]3[C@@H](C(=O)C(=C([C@]3(C(=O)C2=C(C4=C1C=CC=C4O)O)O)O)C(=O)N)N(C)C)O,0
CCCC(C)CC,1
CCC(C)CC,1
CC1=NC=C2N1C3=C(C=C(C=C3)Cl)C(=NC2O)C4=CC=CC=C4F,1
CC1=C(C(=O)N(N1C)C2=CC=CC=C2)N(C)C,1
CC(C)NCC(COC1=CC=C(C=C1)CC(=O)N)O,0
C1=CC=CC=C1,1
C1CN(CCC1(C2=CC=C(C=C2)Br)O)CCCC(=O)C3=CC=C(C=C3)F,1
C[C@]12CCC(=O)C=C1CC[C@@H]3[C@@H]2[C@H](C[C@]4([C@H]3CC[C@@H]4C(=O)CO)C=O)O,0
C1=NC2=C(N1)C(=S)N=C(N2)N,0
CC1=CC=C(C=C1)S(=O)(=O)NC(=O)NN2CCCCCC2,0
CCCCNC(=O)NS(=O)(=O)C1=CC=C(C=C1)C,0
C[C@]12C[C@@H]([C@]3([C@H]([C@@H]1C[C@H]([C@@]2(C(=O)CO)O)O)CCC4=CC(=O)C=C[C@@]43C)F)O,0
C1=CC=C(C=C1)C2=NC3=C(N=C(N=C3N=C2N)N)N,0
C[C@H]1C(=O)N[C@H](C(=O)O[C@@H](C(=O)NC(C(=O)O[C@H](C(=O)N[C@H](C(=O)O[C@@H](C(=O)N[C@@H](C(=O)O[C@H](C(=O)N[C@H](C(=O)O[C@@H](C(=O)N[C@@H](C(=O)O1)C(C)C)C(C)C)C(C)C)C)C(C)C)C(C)C)C(C)C)C)C(C)C)C(C)C)C(C)C,0
CC(C)C(CCCN(C)CCC1=CC(=C(C=C1)OC)OC)(C#N)C2=CC(=C(C=C2)OC)OC,0
CC(=O)CC(C1=CC=CC=C1)C2=C(C3=CC=CC=C3OC2=O)O,0
CCC(=O)C,1
C1CC1,1
C1CC2=CC=CC=C2N(C3=CC=CC=C31)CCCN,1
CCOCC,1
C=COC=C,1
C(C(OC(F)F)(F)F)(F)Cl,1
C1CN(CCN1CCOCC(=O)O)C(C2=CC=CC=C2)C3=CC=C(C=C3)Cl,0
C1CC1N2C=C(C(=O)C3=CC(=C(C=C32)N4CCNCC4)F)C(=O)O,0
CCC1=C(C(=O)C=CN1CCO)O,0
CCC1=C(C(=O)C=CN1CCCCO)O,0
COC(=O)[C@H]1[C@H](CC[C@@H]2[C@@H]1C[C@H]3C4=C(CCN3C2)C5=CC=CC=C5N4)O,0
CC1=CN(C(=O)NC1=O)[C@H]2C[C@@H]([C@H](O2)CO)N=[N+]=[N-],0
CC(=O)C1=CC2=C(C=C1)SC3=CC=CC=C3N2CCCN(C)C,1
CC(=O)C1=CC2=C(C=C1)SC3=CC=CC=C3N2CCCN4CCN(CC4)CCO,1
C=CCC1(C(=O)NC(=O)NC1=O)CC=C,1
[H+].C1C2CC3CC1CC(C2)(C3)N.[Cl-],1
CCC1(C(=O)NC(=O)NC1=O)CCC(C)C,1
CC(CC1=CC=CC=C1)N,1
CCO,1
CN1C(=O)CN=C(C2=C1C=CC(=C2)[N+](=O)[O-])C3=CC=CC=C3F,1
C=COCC(F)(F)F,1
C(C(F)(F)F)(Cl)Br,1
CCCCCCC,1
CCCCCC,1
CC1=C(C(=O)C=CN1C)O,1
CCN1C=CC(=O)C(=C1C)O,1
CCCCN1C=CC(=O)C(=C1C)O,1
CCCCCN1C=CC(=O)C(=C1C)O,1
CC1=C(C(=O)C=CN1CCCO)O,0
CCC1=C(C(=O)C=CN1CC)O,1
CN1CCN(CC1)C2=C(C=C3C(=C2)N(C=C(C3=O)C(=O)O)C4=CC=C(C=C4)F)F,0
CC1=CC(=O)N(N1C)C2=CC=CC=C2,1
CN1CCC2=C3[C@H]1CC4=C(C3=CC=C2)C(=C(C=C4)O)O,1
CN1CCC=C(C1)C(=O)OC,1
C1CN(CCN1CCCC(=O)C2=CC=C(C=C2)F)C3=CC=CC=N3,1
[H+].CCN(CC)CCOC(=O)C(C1=CC=CC=C1)(C2=CC=CC=C2)O.[Cl-],1
C1CN(CCC1N2C3=CC=CC=C3NC2=O)CCCC(=O)C4=CC=C(C=C4)F,1
CCOC(=O)C1=CC=C(C=C1)N,1
CCN(CC)C(=O)C1CN2CCC3=CC(=C(C=C3C2CC1OC(=O)C)OC)OC,1
CN1C2CCC1CC(C2)OC(C3=CC=CC=C3)C4=CC=CC=C4.OS(=O)(=O)O,1
C1CCN(CC1)CCC(C2CC3CC2C=C3)(C4=CC=CC=C4)O,1
CC1(C(=O)NC(=O)N(C1=O)C)C2=CCCCC2,1
C(C(F)(F)F)(OC(F)F)Cl,1
CCC#CC(C)C1(C(=O)NC(=O)N(C1=O)C)CC=C,1
COC(C(Cl)Cl)(F)F,1
CC1CCCC1,1
CC(C1=CC=CC=C1)(C2=CC=CC=N2)OCCN(C)C,1
CCN1C=C(C(=O)C2=CC(=C(N=C21)N3CCNCC3)F)C(=O)O,0
CN1CCN(CC1)C2=C(C=C3C(=C2F)N(C=C(C3=O)C(=O)O)CCF)F,0
C1C(=O)NC2=C(C=C(C=C2)Br)C(=N1)C3=CC=CC=N3,1
CC(C)(C)C1=CC=C(C=C1)CN2CCN(CC2)C(C3=CC=CC=C3)C4=CC=C(C=C4)Cl,1
CN(C)CCC1=CNC2=C1C=C(C=C2)O,1
CC(C(=O)C1=CC(=CC=C1)Cl)NC(C)(C)C,1
C1=CC=C(C=C1)CNC(=O)OCCO,1
CCC(C)C1(C(=O)NC(=O)NC1=O)CC,1
CN1C=NC2=C1C(=O)N(C(=O)N2C)C,1
CCCCCC1=CC(=C(C(=C1)O)C2C=C(CC[C@H]2C(=C)C)C)O,1
CCC(C)C(CC)C(=O)NC(=O)N,1
C1=CC=C2C(=C1)C=CC3=CC=CC=C3N2C(=O)N,1
CSC1=CC2=C(C=C1)SC3=CC=CC=C3N2CCC4CCCNC4,1
CN1C=NC2=C1C(=O)N(C(=O)N2)C,1
CCCCC,1
CCCO,1
CC(=O)C,1
CCC(=O)C1=CC2=C(C=C1)SC3=CC=CC=C3N2CCCN4CCN(CC4)CCO,1
C1=CC=C2C=C3C(=CC2=C1)C(=O)N(C=N3)N,1
C(C(Cl)(Cl)Cl)(O)O,1
CN=C1CN(C(=C2C=C(C=CC2=N1)Cl)C3=CC=CC=C3)O,1
CN(C)CCCN1C2=CC=CC=C2SC3=C1C=C(C=C3)Cl,1
CN(C)CC/C=C\1/C2=CC=CC=C2SC3=C1C=C(C=C3)Cl,1
C1=CC2=C(C=C1Cl)NC(=O)O2,1
C[N+](C)(C)CCO,1
CN1C(=O)CC(=O)N(C2=C1C=CC(=C2)Cl)C3=CC=CC=C3,1
C1=CC=C(C(=C1)C(=O)NCC(=O)O)O,1
CN1CCCCC1CCN2C3=CC=CC=C3SC4=C2C=C(C=C4)S(=O)(=O)C,1
C(C(F)(F)F)(F)Br,1
CN1C=NC2=C1C(=O)NC(=O)N2C,1
CCCC(C)C1(C(=O)NC(=S)NC1=O)CC,0
CC1=CC=CC=C1,1
CC1=NN=C2N1C3=C(C=C(C=C3)Cl)C(=NC2)C4=CC=CC=C4Cl,1
C=CCN1CC[C@]23CCCC[C@H]2[C@H]1CC4=C3C=C(C=C4)O,1
CCN1C=C(C(=O)C2=CC(=C(C(=C21)F)N3CCNC(C3)C)F)C(=O)O,0
CN(C)CCCN1C2=CC=CC=C2CCC3=C1C=C(C=C3)Cl,1
C1C(=O)NC2=C(C=C(C=C2)[N+](=O)[O-])C(=N1)C3=CC=CC=C3Cl,1
C1CN(CCN1CC/C=C\2/C3=CC=CC=C3SC4=C2C=C(C=C4)Cl)CCO,1
C1CN(CCC1N2C3=C(C=C(C=C3)Cl)NC2=O)CCCC(C4=CC=C(C=C4)F)C5=CC=C(C=C5)F,1
CN1C2CCC1[C@H]([C@H](C2)OC(=O)C3=CC=CC=C3)C(=O)OC,1
CN1CC[C@]23[C@@H]4[C@H]1CC5=C2C(=C(C=C5)OC)O[C@H]3[C@H](C=C4)O,1
CC1C2CC3=C(C1(CCN2CC4CC4)C)C=C(C=C3)O,1
C1CC1N2CCN(CC2)CCCN3C4=CC=CC=C4SC5=C3C=C(C=C5)C(F)(F)F,1
CN(C)CCO,1
[H+].CCOC(=O)C1(CCN(CC1)C)C2=CC=CC=C2.[Cl-],1
C(=C(Cl)Cl)Cl,1
C(Cl)(Cl)Cl,1
C1=CSC(=N1)CCN,1
C1=CC=C(C=C1)C2=CSC(=N2)CCN,0
CC1=CC(=CC=C1)C,1
C=CCN1CC[C@]23[C@@H]4[C@H]1CC5=C2C(=C(C=C5)O)O[C@H]3[C@H](C=C4)O,1
C1CC1CN2CC[C@]34[C@@H]5C(=O)CC[C@]3([C@H]2CC6=C4C(=C(C=C6)O)O5)O,1
CCN1C=C(C(=O)C2=CC(=C(C=C21)N3CCNCC3)F)C(=O)O,0
CCN1C=C(C(=O)C2=CC(=C(C=C21)N3CCN(CC3)C)F)C(=O)O,0
CS(=O)(=O)O.C1CN(CC=C1C2=CC=CC=C2)CCCCC3=CNC4=C3C=C(C=C4)O,1
CO[C@H]1[C@@H](C[C@@H]2CN3CCC4=C([C@H]3C[C@@H]2[C@@H]1C(=O)OC)NC5=CC=CC=C45)OC(=O)C6=CC(=C(C(=C6)OC)OC)OC,1
CNCCCN1C2=CC=CC=C2CCC3=CC=CC=C31,1
CN1C(=O)CN=C(C2=C1C=CC(=C2)Cl)C3=CC=CC=C3,1
CN1CC[C@]23[C@@H]4[C@H]1CC5=C2C(=C(C=C5)OC)O[C@H]3[C@H](CC4)O,1
CN1CCC23C4C1CC5=C2C(=C(C=C5)O)OC3C(CC4)O,1
CN(C)CCOC(C1=CC=CC=C1)C2=CC=CC=C2,1
C1=CC=C(C=C1)C2(C(=O)NC(=O)N2)C3=CC=CC=C3,1
CC(CN1CCN(CC1)CCOCCO)CN2C3=CC=CC=C3SC4=CC=CC=C42,1
COC(=O)C1=CC=C(C=C1)C(=O)OC,1
CC1=CC=CC=C1C,1
CC1=CC=C(C=C1)C,1
CC(C)O,1
CC[C@@H](C1=CC=CC=C1)NC(=O)C2=C(C(=NC3=CC=CC=C32)C4=CC=CC=C4)C,1
CN1CCN(CC1)CC(=O)N2C3=CC=CC=C3C(=O)NC4=C2N=CC=C4,1
CCCNC(=O)C1=CC2=C(C=C1)SC3=CC=CC=C3N2[C@@H](C)CN4CCCC4,1
CN1CCN(CC1)C2=C(C=C3C4=C2SCCN4C=C(C3=O)C(=O)O)F,0
CC(C)(C)NCC(C1=CC(=C(C=C1)O)CO)O,0
C1CCN(C1)C[C@H]2C[C@@]3(CCN2C(=O)CC4=CC(=C(C=C4)Cl)Cl)C(=O)NC(=O)N3,0
[H+].CN(C)CC/C=C\1/C2=CC=CC=C2COC3=CC=CC=C31.[Cl-],1
CC(C1=CC=CC=C1)(C2=CC=CC=N2)OCCN(C)C.C(CC(=O)O)C(=O)O,1
C1CN(CC=C1N2C3=CC=CC=C3NC2=O)CCCC(=O)C4=CC=C(C=C4)F,1
CC/C(=C\C)/C(=O)NC(=O)N,1
CCC(C)(CC)OC(=O)N,1
C1C2=NN=CN2C3=C(C=C(C=C3)Cl)C(=N1)C4=CC=CC=C4,1
CCC1=CC=CC=C1N2C(=NC3=CC=CC=C3C2=O)C,1
CCC(/C=C/Cl)(C#C)O,1
C#CC1(CCCCC1)OC(=O)N,1
CN1CC[C@H]2[C@H](C1)C3=CC=CC=C3OC4=C2C=C(C=C4)Cl,1
C1CC(=O)N(C1)CCCCN2CCN(CC2)C3=NC(=CC(=C3)C(F)(F)F)Cl,1
C1CNC[C@H]2[C@H]1C3=C(C=CC(=C3)Cl)OC4=CC=CC=C24,1
CC[C@@H](C1=CC=CC=C1)NC(=O)C2=C(C(=NC3=CC=CC=C32)C4=CC=CC=C4)O,1
CC[C@@H](C1=CC=CC=C1)NC(=O)C2=C(C(=NC3=CC=CC=C32)C4=CC=CC=C4)OCCCN(C)C,1
CC[C@@H](C1=CC=CC=C1)NC(=O)C2=C(C(=NC3=CC=CC=C32)C4=CC=CC=C4)OCC(=O)O,0
CC[C@@H](C1=CC=CC=C1)NC(=O)C2=C(C(=NC3=CC=CC=C32)C4=CC=CC=C4)OCCCC(=O)O,0
CC[C@@H](C1=CC=CC=C1)NC(=O)C2=C(C(=NC3=CC=CC=C32)C4=CC=CC=C4)OCCNC(=O)CC5=CC=CC=N5,0
CC[C@@H](C1=CC=CC=C1)NC(=O)C2=C(C(=NC3=CC=CC=C32)C4=CC=CC=C4)OCCNC(=O)[C@@H]5CCCN5,0
CC[C@@H](C1=CC=CC=C1)NC(=O)C2=C(C(=NC3=CC=CC=C32)C4=CC=CC=C4)CN5C=CN=C5,0
C[C@@H]1CN(C[C@@H](N1)C)C2=C(C(=C3C(=C2F)N(C=C(C3=O)C(=O)O)C4CC4)N)F,0
CCC1(CC(=O)NC1=O)C,1
CCC1=CC2=C(C=C1)SC3=CC=CC=C3N2CC(C)CN(C)C,1
C1CN(CCN1CC/C=C\2/C3=CC=CC=C3SC4=C2C=C(C=C4)C(F)(F)F)CCO,1
C1CN(CCN1CCCN2C3=CC=CC=C3SC4=C2C=C(C=C4)C(F)(F)F)CCO,1
CCN(CC)CCN1C(=O)CN=C(C2=C1C=CC(=C2)Cl)C3=CC=CC=C3F,1
CN1CCC2=CC(=C(C3=C2C1CC34C=CC(=O)C=C4)O)OC,1
CCC1(CCC(=O)NC1=O)C2=CC=CC=C2,1
C1CN(CCC1(C2=CC=C(C=C2)Cl)O)CCCC(=O)C3=CC=C(C=C3)F,1
CC1=C2C(=C3C=CC(=O)C=C3N2)C=CN1,1
CC1=NC=CC2=C1NC3=CC=CC=C23,1
CC1=C(OC(=C1C)C(C)(C)N(C(C)(C)N)C(C)(C)N)C.C[NH2+]O.[OH-],1
CC1=CN[O+]=C(C1=O)C(CC(C)C(C)(C)N(C(C)(C)C)C(C)(N)N)N,1
CCNCC1=C(C(=NC=C1CSC)C)O,1
CC(=O)O[C@H]1C=C[C@H]2[C@H]3CC4=C5[C@]2([C@H]1OC5=C(C=C4)OC(=O)C)CCN3C,1
C#CCC1(CCCCC1)OC(=O)N,1
[H+].[H+].C1CN(CCN(C1)CCO)CCCN2C3=C(C=C(C=C3)C(F)(F)F)SC4=CC=CC=C42.[Cl-].[Cl-],1
CN1CC[C@]23[C@@H]4[C@H]1CC5=C2C(=C(C=C5)OC)O[C@H]3C(=O)CC4,1
CCC(COC(=O)N)(C1=CC=CC=C1)O,1
C1CN(CCN1CCOCCO)C(C2=CC=CC=C2)C3=CC=C(C=C3)Cl,1
CN(C)CCCN1C2=CC=CC=C2CCC3=CC=CC=C31,1
CNC1(CCCCC1=O)C2=CC=CC=C2Cl,1
C1=CC=C2C(=C1)C(=O)C=C(N2)C(=O)O,1
CC1=NC=C(C=C1)CC2=CNC(=NC2)NCCSCC3=CC=C(O3)CN(C)C,0
C1CN(CCC1C(=O)C2=CC=C(C=C2)F)CCCC(=O)C3=CC=C(C=C3)F,1
CN1CC[C@]23CCCC[C@H]2[C@H]1CC4=C3C=C(C=C4)O,1
CCN(CC)CC(=O)NC1=C(C=CC=C1C)C,1
C1=CC=C(C(=C1)C2=NC(C(=O)NC3=C2C=C(C=C3)Cl)O)Cl,1
CC(C)N1CCC(CC1)N(C2=CC=C(C=C2)Cl)C(=O)CC3=CC=CC=C3,1
CN(C)CCOC(=O)COC1=CC=C(C=C1)Cl,1
CC1=NC2=CC=CC=C2C(=O)N1C3=CC=CC=C3Cl,1
CN1CCN=C(C2=C1C=CC(=C2)Cl)C3=CC=CC=C3,1
CCCC(C)(COC(=O)N)COC(=O)N,1
COC1=CC2=C(C(=C1)CN[C@@H]3CCCN[C@H]3C4=CC=CC=C4)OCC2,1
C1CC1NC2=C3C(=NC(=N2)N)N(C=N3)[C@@H]4C[C@@H](C=C4)CO,1
C1=NC2=C(N1COCCO)N=C(NC2=O)N,1
C(CN)CNCCSP(=O)(O)O,0
COC1=CC(=CC(=C1OC)OC)CCN,1
CN1CCCCC1CCN2C3=CC=CC=C3SC4=C2C=C(C=C4)S(=O)C,1
C[C@@H](CC1=CC=CC=C1)NC,1
CC1=CC=CC=C1N2C(=NC3=CC=CC=C3C2=O)C,1
COC1=CC=CC=C1OCC(COC(=O)N)O,1
CN(C)CCCN1C2=CC=CC=C2SC3=C1C=C(C=C3)OC,1
C[C@@H](CN1C2=CC=CC=C2SC3=C1C=C(C=C3)OC)CN(C)C,1
CCC(C)(C#C)O,1
COC(=O)C(C1CCCCN1)C2=CC=CC=C2,1
CCC1(C(=O)C(CNC1=O)C)CC,1
C1[C@@H]([C@H]([C@@H]([C@H]([C@@H]1NC(=O)[C@H](CCN)O)O[C@@H]2[C@@H]([C@H]([C@@H]([C@H](O2)CO)O)N)O)O)O[C@@H]3[C@@H]([C@H]([C@@H]([C@H](O3)CN)O)O)O)N,1
C1=CC(=C(C=C1N)O)C(=O)O,0
C1=CN(C(=O)N=C1N)[C@H]2[C@H]([C@@H]([C@H](O2)CO)O)O,1
CN(C)N=NC1=C(NC=N1)C(=O)N,1
CN(C)[C@H]1[C@@H]2C[C@@H]3[C@@H](C4=C(C=CC(=C4C(=C3C(=O)[C@@]2(C(=C(C1=O)C(=O)N)O)O)O)O)Cl)O,0
C1C(=O)NC2=C(C=C(C=C2)Cl)N(C1=O)C3=CC=CC=C3,1
CNCCCN1C2=CC=CC=C2SC3=CC=CC=C31,1
CC1=NC=C2N1C3=C(C=C(C=C3)Cl)C(=NC2)C4=CC=CC=C4F.C(=C\C(=O)O)\C(=O)O,1
CC1=CC=C(C=C1)C2(CCN(CC2)CCCC(=O)C3=CC=C(C=C3)F)O,1
CN1CC[C@]23[C@@H]4[C@H]1CC5=C2C(=C(C=C5)O)O[C@H]3C(C=C4)O,1
CN1CCC(=CC1)C2=CC=CC=C2,1
C=CCN1CC[C@]23[C@@H]4C(=O)CC[C@]2([C@H]1CC5=C3C(=C(C=C5)O)O4)O,1
CN1CCC[C@H]1C2=CN=CC=C2,1
C1C(=O)NC2=C(C=C(C=C2)[N+](=O)[O-])C(=N1)C3=CC=CC=C3,1
C1C(=O)NC2=C(C=C(C=C2)Cl)C(=N1)C3=CC=CC=C3,1
CNCCC=C1C2=CC=CC=C2CCC3=CC=CC=C31,1
CC1=CC=CC=C1C(C2=CC=CC=C2)OCCN(C)C,1
CN1CC[C@@]23CCCC[C@@H]2[C@@H]1CC4=C3C=C(C=C4)OC,1
C[C@@]1(C(=O)N2[C@H](C(=O)N3CCC[C@H]3[C@@]2(O1)O)CC4=CC=CC=C4)NC(=O)[C@@H]5C[C@H]6[C@@H](CC7=CNC8=CC=CC6=C78)N(C5)C,0
CCN(CC)C(=S)SSC(=S)N(CC)CC,1
C1CC1C#C[C@]2(C3=C(C=CC(=C3)Cl)NC(=O)O2)C(F)(F)F,0
CC[C@@H](CO)NCCN[C@@H](CC)CO,0
CC[C@]1(C[C@@H](C2=C(C3=C(C=C2[C@H]1C(=O)OC)C(=O)C4=C(C3=O)C(=CC=C4)O)O)OC5CC(C(C(O5)C)OC6CC(C(C(O6)C)OC7CCC(=O)C(O7)C)O)N(C)C)O,0
CC1([C@@H](N2[C@H](S1)[C@@H](C2=O)NC(=O)CCC[C@H](C(=O)O)N)C(=O)O)C,0
CNCC(C1=CC(=C(C=C1)O)O)O,0
CC1(C(N2C(S1)C(C2=O)NC(=O)CSCC=C)C(=O)[O-])C.[Na+],0
CC1([C@@H](N2[C@H](S1)[C@@H](C2=O)NC(=O)C34C[C@H]5C[C@@H](C3)CC(C5)(C4)N)C(=O)O)C,0
CC1(C(N2[C@H](S1)[C@@H](C2=O)N=CN3CCCCCC3)C(=O)OCOC(=O)C(C)(C)C)C,0
CN(C)[C@H]1[C@@H]2C[C@@H]3CC4=C(C(=C(C=C4)N)O)C(=C3C(=O)[C@@]2(C(=C(C1=O)C(=O)N)O)O)O,0
CC1([C@@H](N2[C@H](S1)C(C2=O)NC(=O)[C@@H](C3=CC=CC=C3)NC(=O)C4=CNC5=C(C4=O)N=CC=C5)C(=O)O)C,0
C[C@@]1([C@H]2C[C@H]3[C@@H](C(=O)C(=C([C@]3(C(=O)C2=C(C4=C1C=CC=C4O)O)O)O)C(=O)NC(C(=O)O)N5CCN(CC5)CCO)N(C)C)O,0
C1C[C@H]([C@H](O[C@@H]1CN)O[C@@H]2[C@H](C[C@H]([C@@H]([C@H]2O)O[C@@H]3[C@@H]([C@H]([C@@H]([C@H](O3)CO)O)N)O)NC(=O)[C@H](CCN)O)N)N,0
CC1([C@@H](N2[C@H](S1)[C@@H](C2=O)NC(=O)[C@@H](C3=CC=C(C=C3)O)NC(=O)[C@@H](CC(=O)NC)N)C(=O)O)C,0
CC([C@@H]1CC[C@H]([C@H](O1)O[C@@H]2[C@H]([C@@H]([C@@H]([C@H]([C@H]2O)N(C)C(=O)CN)OC)O)N)N)N,0
CCOC(=O)OC(C)OC(=O)[C@H]1C(S[C@H]2N1C(=O)[C@H]2N=CN3CCCCCC3)(C)C,0
C1C(C(C(C(C1N)OC2C(C(C(C(O2)CO)O)N)O)O)OC3C(C(C(C(O3)CN)O)O)N)N,0
C1=CC(=C(C(=C1CNNC(=O)C(CO)N)O)O)O,0
CC(C)COCC(CN(CC1=CC=CC=C1)C2=CC=CC=C2)N3CCCC3,0
C1C(C(C(C(C1NCC(CCN)O)OC2C(C(C(C(O2)CO)O)N)O)O)OC3C(C(C(C(O3)CN)O)O)O)N,0
CC(C)(C)NCC(C1=CC(=C(C=C1)O)NC(=O)N)O,0
CC1([C@@H](N2[C@H](S1)[C@@H](C2=O)NC(=O)C(C3=CC=CC=C3)C(=O)OC4=CC=CC=C4)C(=O)O)C,0
CC1([C@@H](N2[C@H](S1)[C@@H](C2=O)NC(=O)C(C3=CC=CC=C3)C(=O)OC4=CC5=C(CCC5)C=C4)C(=O)O)C,0
C1C(=C(N2[C@H](S1)[C@@H](C2=O)NC(=O)[C@@H](C3=CC=CC=C3)N)C(=O)O)Cl,0
CC1=C(N2[C@@H]([C@@H](C2=O)NC(=O)[C@@H](C3=CC=C(C=C3)O)N)SC1)C(=O)O,0
CC1=C(N2[C@@H]([C@@H](C2=O)NC(=O)[C@@H](C3=CC=CC=C3)N)SC1)C(=O)O,0
CC(=O)OCC1=C(N2[C@@H]([C@@H](C2=O)NC(=O)CC3=CC=CC=C3)SC1)C(=O)O,0
CC1=NN=C(S1)SCC2=C(N3[C@@H]([C@@H](C3=O)NC(=O)C(C4=CC=C(C=C4)O)N)SC2)C(=O)O,0
CN1C(=NN=N1)SCC2=C(N3[C@@H]([C@@H](C3=O)NC(=O)CSC(F)(F)F)SC2)C(=O)[O-].[Na+],0
CC1=NN=C(S1)SCC2=C(N3[C@@H]([C@@H](C3=O)NC(=O)CN4C=C(C(=O)C(=C4)Cl)Cl)SC2)C(=O)O,0
CC1=NN=C(S1)SCC2=C(N3[C@@H]([C@@H](C3=O)NC(=O)[C@@H](C4=CC=CC=C4)O)SC2)C(=O)O,0
CC1=C(OC(=O)O1)COC(=O)C2=C(CSC3N2C(=O)C3NC(=O)C(C4=CC=CC=C4)OC(=O)C(C)N)CSC5=NN=C(S5)C,0
CC1=C(SC=N1)/C=C\C2=C(N3[C@@H](C(C3=O)NC(=O)/C(=N\OC)/C4=CSC(=N4)N)SC2)C(=O)O,0
CC1=C(N2[C@@H]([C@@H](C2=O)NC(=O)[C@@H](C3=CC(=C(C=C3)O)Cl)N)SC1)C(=O)O,0
C1C(=C(N2[C@H](S1)[C@@H](C2=O)NC(=O)CC3=CC=CS3)C(=O)O)CSC4=NC=NN4,0
CN1C(=NN=N1)SCC2=C(N3[C@@H]([C@@H](C3=O)NC(=O)CS/C=C\C#N)SC2)C(=O)O,0
CN1C(=NN=N1)SCC2=C(N3[C@@H]([C@@](C3=O)(NC(=O)CSCC#N)OC)SC2)C(=O)O,0
CN1C(=NN=N1)SCC2=C(N3[C@@H]([C@@](C3=O)(NC(=O)CSC[C@H](C(=O)O)N)OC)SC2)C(=O)O,0
CC1=C(SC(=N1)SCC2=C(N3[C@@H]([C@@H](C3=O)NC(=O)/C(=N/OC)/C4=CSC(=N4)N)SC2)C(=O)O)CC(=O)O,0
C1C(=C(N2[C@H](S1)[C@@H](C2=O)NC(=O)C(C3=CC=CC=C3)O)C(=O)O)CSC4=NN=NN4CS(=O)(=O)O,0
C1C(=C(N2[C@H](S1)[C@@H](C2=O)NC(=O)CC3=CC=CC=C3CN)C(=O)O)CSC4=NN=NN4CC(=O)O,0
CN1C(=NN=N1)SCC2=C(N3[C@@H]([C@@](C3=O)(NC(=O)C4SC(=C(C(=O)N)C(=O)O)S4)OC)SC2)C(=O)O,0
C/C=C/C1=C(N2[C@@H]([C@@H](C2=O)NC(=O)[C@@H](C3=CC=C(C=C3)O)N)SC1)C(=O)O.O,0
CC1=C(N2[C@@H]([C@@H](C2=O)NC(=O)CC3=CC=C(C=C3)C4=NCCCN4)SC1)C(=O)O,0
COC1=C(N2C(C(C2=O)NC(=O)C(C3C=CCC=C3)N)SC1)C(=O)O,0
CC1=C(N2[C@@H]([C@@H](C2=O)NC(=O)[C@@H](C3=CC(=CC=C3)NS(=O)(=O)C)N)SC1)C(=O)O,0
C1C(=C(N2[C@H](S1)[C@@H](C2=O)NC(=O)CN3C=NN=N3)C(=O)O)CSC4=NN=CS4,0
CO/N=C(/C1=CSC(=N1)N)\C(=O)N[C@H]2[C@@H]3N(C2=O)C(=C(CS3)CSC(=O)C4=CC=CO4)C(=O)O,0
CO/N=C(/C1=CSC(=N1)N)\C(=O)N[C@H]2[C@@H]3N(C2=O)C(=C(CS3)/C=C/SC4=NNC(=O)C(=O)N4CC=O)C(=O)O,0
CC(=O)OCC1=C(N2[C@@H]([C@@H](C2=O)NC(=O)/C(=N\OC)/C3=CC=CO3)SC1)C(=O)O,0
CC(OC(=O)C)OC(=O)C1=C(CS[C@H]2N1C(=O)[C@H]2NC(=O)/C(=N\OC)/C3=CC=CO3)COC(=O)N,0
CC(OC(=O)CCCOC)OC(=O)C1=C(CS[C@H]2N1C(=O)[C@H]2NC(=O)/C(=N\OC)/C3=CC=CO3)COC(=O)N,0
CC(=O)OCC1=C(N2[C@H]([C@H](C2=O)NC(=O)CC#N)SC1)C(=O)[O-].[Na+],0
CC(=O)OCC1=C(N2[C@@H]([C@@H](C2=O)NC(=O)[C@@H](C3=CC=CC=C3)N)SC1)C(=O)O.O.O,0
CC(=O)OCC1=C(N2[C@@H]([C@@H](C2=O)NC(=O)CCC[C@H](C(=O)O)N)SC1)C(=O)O,0
CC(=O)OCC1=C(N2[C@@H]([C@@H](C2=O)NC(=O)CC3=CC=CS3)SC1)C(=O)O,0
CC1=C(C2=C(C3=C(C[C@H]4[C@H](C(=O)C(=C([C@]4(C3=O)O)O)C(=O)C)N)C(=C2C=C1)C)O)O,0
CC1([C@@H](N2[C@H](S1)[C@@H](C2=O)NC(=O)C(C3=CC(=C(C=C3)Cl)Cl)OC)C(=O)O)C,0
C[C@@]1([C@H]2C[C@H]3[C@@H](C(=O)C(=C([C@]3(C(=O)C2=C(C4=C(C=CC(=C41)Cl)O)O)O)O)C(=O)NCO)N(C)C)O,0
CC1([C@@H](N2[C@H](S1)[C@@H](C2=O)NC(=O)C3(CCCCC3)N)C(=O)O)C,0
CC1C(C(=O)NC(C(=O)N2CCCC2C(=O)N(CC(=O)N(C(C(=O)O1)C(C)C)C)C)C(C)C)NC(=O)C3=C4C(=C(C=C3)C)OC5=C(C(=O)C(=C(C5=N4)C(=O)NC6C(OC(=O)C(N(C(=O)CN(C(=O)C7CCCN7C(=O)C(NC6=O)C(C)C)C)C)C(C)C)C)N)C,0
CN(C)[C@H]1[C@@H]2C[C@@H]3[C@@H](C4=C(C(=CC=C4)O)C(=C3C(=O)[C@@]2(C(=C(C1=O)C(=O)N)O)O)O)O,0
C1CC(C(OC1CN)OC2C(CC(C(C2O)OC3C(C(C(C(O3)CO)O)N)O)N)N)N,0
C[C@H]1[C@@]([C@H]([C@@H](O1)O[C@H]2[C@@H]([C@H]([C@@H]([C@H]([C@@H]2O)O)N=C(N)N)O)NC(=N)N)O[C@H]3[C@H]([C@@H]([C@H]([C@@H](O3)CO)O)O)NC)(CO)O,0
C[C@H]1[C@@H]([C@H]([C@H]([C@@H](O1)OC[C@@H]2[C@H]([C@@H]([C@H]([C@@H](O2)OC3=CC(=C4C(=C3)OC(=CC4=O)C5=CC(=C(C=C5)OC)O)O)O)O)O)O)O)O,0
CC(C)(C)C(=O)OC1=C(C=C(C=C1)C(CNC)O)OC(=O)C(C)(C)C,0
CC1=C2[C@H](C(=O)[C@@]3([C@H](C[C@@H]4[C@]([C@H]3[C@@H]([C@@](C2(C)C)(C[C@@H]1OC(=O)[C@@H]([C@H](C5=CC=CC=C5)NC(=O)OC(C)(C)C)O)O)OC(=O)C6=CC=CC=C6)(CO4)OC(=O)C)O)C)O,0
CCC(C(=O)NC/C=C/C=C(\C)/C(C(C)C1C(C(C(O1)/C=C/C=C/C=C(\C)/C(=O)C2=C(C=CN(C2=O)C)O)O)O)OC)C3(C(C(C(C(O3)/C=C/C=C/C)(C)C)OC4C(C(C(C(O4)C)OC5C(C(C(C(O5)C)OC)O)OC)OC)O)O)O,0
CC[C@H]1CN2CCC3=CC(=C(C=C3[C@@H]2C[C@@H]1C[C@@H]4C5=CC(=C(C=C5CCN4)OC)OC)OC)OC.Cl,0
CC1([C@@H](N2[C@H](S1)[C@@H](C2=O)NC(=O)[C@@H](C3=CCC=CC3)N)C(=O)O)C,0
C[C@@]1([C@H]2C[C@H]3[C@@H](C(=O)C(=C([C@]3(C(=O)C2=C(C4=C1C=CC=C4O)O)O)O)C(=O)NCN(C)CCN(C)CNC(=O)C5=C([C@@]6([C@@H](C[C@H]7C(=C(C8=C([C@@]7(C)O)C=CC=C8O)O)C6=O)[C@@H](C5=O)N(C)C)O)O)N(C)C)O,0
CCNCC(C1=CC(=CC=C1)O)O,0
CC1([C@@H](N2[C@H](S1)[C@@H](C2=O)NC(=O)C(C3=CC=CC=C3)OC4=CC=CC=C4)C(=O)O)C,0
CC(C)C1=CC=CC=C1OCC2=NCCN2,0
CC1([C@@H](N2[C@H](S1)[C@@H](C2=O)NC(=O)[C@@H](C3=CC=CC=C3)NC(=O)C(C)(C)OC4=CC=C(C=C4)Cl)C(=O)O)C,0
CO[C@@]1([C@@H]2N(C1=O)C(=C(CO2)CSC3=NN=NN3CCO)C(=O)O)NC(=O)CSC(F)(F)F.[Na],0
C[C@H]([C@@H]1[C@@H]2N(C1=O)C(=C(S2)[C@H]3CCCO3)C(=O)O)O,0
CC1([C@@H](N2[C@H](S1)[C@@H](C2=O)NC(=O)[C@H](C3=CC=C(C=C3)O)N=CC4=CC=CO4)C(=O)O)C,0
C[C@H]1[C@@H]2CC[C@]3([C@H]([C@]2(CC[C@H]1O)C)[C@@H](C[C@@H]\4[C@@]3(C[C@@H](/C4=C(/CCC=C(C)C)\C(=O)O)OC(=O)C)C)O)C,0
CC(C1CCC(C(O1)OC2C(CC(C(C2O)OC3C(C(C(CO3)(C)O)NC)O)N)N)N)NC,0
CC(C)CC1C(=O)NC(C(=O)N2CCCC2C(=O)NC(C(=O)NC(C(=O)NC(C(=O)NC(C(=O)N3CCCC3C(=O)NC(C(=O)NC(C(=O)N1)CCCN)C(C)C)CC4=CC=CC=C4)CC(C)C)CCCN)C(C)C)CC5=CC=CC=C5,0
CC1CN(CCN1)C2=C(C(=C3C(=C2)N(C=C(C3=O)C(=O)O)C4CC4)C)F,0
CC1(C2CC3C(C(=O)C(=C(C3(C(=O)C2=C(C4=C1C=CC=C4O)O)O)O)C(=O)NCN5CCN(CC5)C(=N)N=C(N)N)N(C)C)O,0
CC1([C@@H](N2[C@H](S1)[C@@H](C2=O)N3C(=O)[C@H](NC3(C)C)C4=CC=CC=C4)C(=O)O)C,0
CC(CC1=CC=CC=C1)NO,0
CC(C(C1=CC=C(C=C1)O)O)NC,0
CC1=CC(=O)OC2=C1C=CC(=C2)O,0
C[C@@H]([C@@H]1[C@H]2CC(=C(N2C1=O)C(=O)O)SCCN=CN)O.O,0
CC1(COC(C(C1NC)O)OC2C(CC(C(C2O)OC3C(C(C(C(O3)CN)O)O)O)N)NC(=O)C(CN)O)O,0
CC1([C@@H](N2[C@H](S1)[C@@H](C2=O)NC(=O)C(C)(C)OC3=CC=CC=C3)C(=O)O)C,0
C[C@@H]1C/C=C/C=C/[C@@H]([C@@H](C[C@@H]([C@@H]([C@H]([C@@H](CC(=O)O1)OC(=O)C)OC)O[C@H]2[C@@H]([C@H]([C@@H]([C@H](O2)C)O[C@H]3C[C@@]([C@H]([C@@H](O3)C)OC(=O)CC(C)C)(C)O)N(C)C)O)CC=O)C)O,0
C[C@@H]1[C@@H]2[C@H](C(=O)N2C(=C1S[C@H]3C[C@H](NC3)[C@@H](CCNC)O)C(=O)O)[C@@H](C)O,0
C1CC(=C(N2C1C(C2=O)NC(=O)[C@@H](C3=CC=CC=C3)N)C(=O)O)Cl.O,0
CCCCC1=NC(=C(N1CC2=CC=C(C=C2)C3=CC=CC=C3C4=NNN=N4)CO)Cl,0
CC1([C@@H](N2[C@H](S1)[C@@H](C2=O)N=CN3CCCCCC3)C(=O)O)C,0
CC(CN(C)C)OC(C)(C1=CC=CC=C1)C2=CC=C(C=C2)Cl,0
C[C@@H]1C2C(C(=O)N2C(=C1S[C@H]3C[C@H](NC3)C(=O)N(C)C)C(=O)O)[C@H](C)O.O.O.O,0
CC1(C(N2C(S1)C(C2=O)NC(=O)C(C3=CC=CC=C3)N=C)C(=O)O)C,0
CN(C)[C@H]1[C@@H]2[C@H]([C@@H]3C(=C)C4=C(C(=CC=C4)O)C(=C3C(=O)[C@@]2(C(=C(C1=O)C(=O)N)O)O)O)O,0
CC(C(=O)C1=CC=C(C=C1)OC)NC,0
CC1([C@@H](N2[C@H](S1)[C@@H](C2=O)NC(=O)C3=C(C=CC=C3OC)OC)C(=O)O)C,0
CC1([C@@H](N2[C@H](S1)[C@@H](C2=O)NC(=O)[C@@H](C3=CC=CC=C3)NC(=O)N4CCN(C4=O)S(=O)(=O)C)C(=O)O)C,0
CC(C)[C@H]1C2=C(CC[C@@]1(CCN(C)CCCC3=NC4=CC=CC=C4N3)OC(=O)COC)C=C(C=C2)F,0
CCC(=O)O[C@@H]1[C@H](O[C@H](C[C@@]1(C)O)O[C@@H]2[C@H](O[C@H]([C@@H]([C@H]2N(C)C)O)OC3C(CC(C(/C=C\C=C\CC(OC(=O)CC(C3OC)OC(=O)CC)C)O)C)CC=O)C)C,0
CCC1C(=O)N2CCCC2C(=O)N(C(C(=O)N3CCC(=O)CC3C(=O)NC(C(=O)OC(C(C(=O)N1)NC(=O)C4=C(C=CC=N4)O)C)C5=CC=CC=C5)CC6=CC=C(C=C6)N(C)C)C,0
CN1C(=NN=N1)SCC2=C(N3[C@@H]([C@@](C3=O)(NC(=O)C(C4=CC=C(C=C4)O)C(=O)O)OC)OC2)C(=O)O,0
C1[C@H]([C@@H]([C@H]([C@@H]([C@H]1N)O[C@@H]2[C@@H]([C@H]([C@@H]([C@H](O2)CN)O)O)N)O)O)N,0
CCN[C@@H]1C[C@@H]([C@H]([C@@H]([C@H]1O[C@@H]2[C@@H]([C@H]([C@@](CO2)(C)O)NC)O)O)O[C@@H]3[C@@H](CC=C(O3)CN)N)N,0
CC1=C(C(C(=C(N1)C)C(=O)OCCN(C)CC2=CC=CC=C2)C3=CC(=CC=C3)[N+](=O)[O-])C(=O)OC,0
CN(C)[C@H]1[C@@H]2C[C@@H]3CC4=C(C=CC(=C4C(=C3C(=O)[C@@]2(C(=C(C1=O)C(=O)N)O)O)O)O)[N+](=O)[O-],0
CC1([C@@H](N2[C@H](S1)[C@@H](C2=O)[NH+]3C(=O)C(NC3(C)C)C4=CC=C(C=C4)O)C(=O)O)C,0
CC1=C2[C@H](C(=O)[C@@]3([C@H](C[C@@H]4[C@](C3[C@@H]([C@@](C2(C)C)(C[C@@H]1OC(=O)[C@@H]([C@H](C5=CC=CC=C5)NC(=O)C6=CC=CC=C6)O)O)OC(=O)C7=CC=CC=C7)(CO4)OC(=O)C)O)C)OC(=O)C,0
C[C@@]1([C@H]2C[C@H]3[C@@H](C(=O)C(=C([C@]3(C(=O)C2=C(C4=C1C=CC=C4O)O)O)O)C(=O)NCN5CCCC(C5)C(=O)O)N(C)C)O,0
CC(=O)OCOC(=O)C1C(SC2N1C(=O)C2NC(=O)CC3=CC=CC=C3)(C)C,0
CC1(C(N2C(S1)C(C2=O)NC(=O)CC3=CC=CC=C3)C(=O)O)C.[Na],0
C[C@@]1([C@H]2C[C@H]3[C@@H](C(=O)C(=C([C@]3(C(=O)C2=C(C4=C1C=CC=C4O)O)O)O)C(=O)NCNC(C5=CC=CC=C5)C(=O)NC6C7N(C6=O)C(C(S7)(C)C)C(=O)O)N(C)C)O,0
CC(C(=O)NC1C2N(C1=O)C(C(S2)(C)C)C(=O)O)OC3=CC=CC=C3,0
CC1(C2CC3C(C(=O)C(=C(C3(C(=O)C2=C(C4=C1C=CC=C4O)O)O)O)C(=O)NCN5CCN(CC5)CCO)N(C)C)O,0
CC1(C(N2C(S1)C(C2=O)N([C@@H](C3=CC=CC=C3)C(=O)NC(=O)CN)C(=N)C4=CC=NC=C4)C(=O)O)C,0
CC1([C@@H](N2[C@H](S1)[C@@H](C2=O)NC(=O)[C@@H](C3=CC=C(C=C3)O)NC(=O)NC4=CN=C(NC4=O)NC5=CC=C(C=C5)S(=O)(=O)N)C(=O)O)C,0
CC1([C@@H](N2[C@H](S1)[C@@H](C2=O)NC(=O)[C@@H](C3=CC=CC=C3)N)C(=O)OCOC(=O)C(C)(C)C)C,0
CC(C)(C)C(=O)OC1=CC=CC(=C1)C(CNC)O,0
CC1=C(N(N=C1)C2=C(C=CC=C2Cl)Cl)C(=O)N[C@H]3[C@@H]4N(C3=O)[C@H](C(S4)(C)C)C(=O)O,0
CC1C(C(=O)NC(C(=O)N2CCCC2C(=O)N(C(C(=O)N3CCC(=O)CC3C(=O)NC(C(=O)O1)C4=CC=CC=C4)CC5=CC=C(C=C5)N(C)C)C)C)NC(=O)C6=C(C=CC=N6)O,0
CCCNCC(COC1=CC=CC=C1C(=O)CCC2=CC=CC=C2)O,0
CCC(C(=O)NC1C2N(C1=O)C(C(S2)(C)C)C(=O)O)OC3=CC=CC=C3,0
C1C(C(C(C(C1NC(CO)CO)OC2C(C(C(C(O2)CO)O)N)O)O)OC3C(C(C(C(O3)CN)O)O)N)N,0
CC1([C@@H](N2[C@H](S1)[C@@H](C2=O)NC(=O)C3=NC4=CC=CC=C4N=C3C(=O)O)C(=O)O)C,0
CCN(CC)C(=NN=CC1=C2C(=C3C(=C1O)C4=C(C(=C3O)C)OC(C4=O)(OC=CC(C(C(C(C(C(C(C(C=CC=C(C(=O)N2)C)C)O)C)O)C)OC(=O)C)C)OC)C)O)C,0
CCN(CC)C1=NC2=C(S1)C3=C(C4=C2C5=C(C(=C4O)C)O[C@@](C5=O)(O/C=C/[C@@H]([C@H]([C@H]([C@@H]([C@@H]([C@@H]([C@H]([C@H](/C=C/C=C(\C(=O)N3)/C)C)O)C)O)C)OC(=O)C)C)OC)C)O,0
CCN(CC)C(=O)COC1=C2C3=C(C(=C1)NC(=O)/C(=C\C=C\[C@@H]([C@@H]([C@H]([C@H]([C@H]([C@@H]([C@@H]([C@H](/C=C/O[C@@]4(C(=O)C2=C(O4)C(=C3O)C)C)OC)C)OC(=O)C)C)O)C)O)C)/C)O,0
C[C@H]1/C=C/C=C(\C(=O)NC2=CC(=C3C(=C2O)C(=C(C4=C3C(=O)[C@](O4)(O/C=C/[C@@H]([C@H]([C@H]([C@@H]([C@@H]([C@@H]([C@H]1O)C)O)C)OC(=O)C)C)OC)C)C)O)O)/C,0
C[C@H]1/C=C/C=C(\C(=O)NC2=C(C(=C3C(=C2O)C(=C(C4=C3C(=O)[C@](O4)(O/C=C/[C@@H]([C@H]([C@H]([C@@H]([C@@H]([C@@H]([C@H]1O)C)O)C)OC(=O)C)C)OC)C)C)O)O)C=NN5CCN(CC5)C6CCCC6)/C,0
C[C@H]1/C=C/C=C(\C(=O)NC2=C(C3=C(C4=C(C(=C3O)C)O[C@@](C4=O)(O/C=C/[C@@H]([C@H]([C@H]([C@@H]([C@@H]([C@@H]([C@H]1O)C)O)C)OC(=O)C)C)OC)C)C5=C2N6C=CC(=CC6=N5)C)O)/C,0
C[C@H]([C@@H]1[C@@H]2N(C1=O)C(=C(S2)COC(=O)N)C(=O)[O-])O.[Na+],0
CC[C@]1(C[C@@H](C2=C([C@H]1O[C@H]3C[C@@H]([C@@H]([C@@H](O3)C)O)N(C)C)C(=C4C(=C2O)C(=O)C5=C(C4=O)C=CC=C5O)O)O[C@H]6C[C@@H]([C@@H]([C@@H](O6)C)O[C@H]7C[C@H]8[C@@H]([C@@H](O7)C)O[C@H]9[C@@H](O8)CC(=O)[C@@H](O9)C)N(C)C)O,0
CC(C1C2C3CCCC(C3=C(N2C1=O)C(=O)[O-])OC)O,0
CC1(C(N2C(S1)C(C2=O)N3C(=O)C(NC3(C)C)C4=CC=C(C=C4)O)C(=O)OCOC)C,0
CC1([C@@H](N2[C@H](S1)[C@@H](C2=O)N3C(=O)C(NC3(C)C)C4=CC=CC=C4)C(=O)OCOC)C,0
CC1C2CC(/C=C/C(=C/CC(/C=C/C(=C/C(C(C1=O)(C(=O)O2)C)NC(=O)C(=O)C)/C)O)/C)OC(=O)C,0
C[C@@]1(CO[C@@H]([C@@H]([C@H]1NC)O)O[C@H]2[C@@H](C[C@@H]([C@H]([C@@H]2O)O[C@@H]3[C@@H](CC=C(O3)CN)N)N)N)O,0
CC1C/C=C/C=C/C(C(CC(C(C(C(CC(=O)O1)O)OC)OC2C(C(C(C(O2)C)OC3CC(C(C(O3)C)O)(C)O)N(C)C)O)CC=O)C)OC4CCC(C(O4)C)N(C)C,0
CC1([C@@H](N2[C@H](S1)[C@@H](C2=O)NC(=O)C(C3=CC=CC=C3)S(=O)(=O)O)C(=O)O)C,0
C[C@H]([C@@H]1[C@@H]2N(C1=O)C(=C(S2)SC3CCS(=O)C3)C(=O)O)O,0
CC1([C@@H](N2[C@H](S1)[C@@H](C2=O)NC(=O)[C@@H](C3=CC=CC=C3)N)C(=O)O)C.CC1([C@@H](N2[C@H](S1(=O)=O)CC2=O)C(=O)O)C,0
CC1([C@@H](N2[C@H](S1)[C@@H](C2=O)NC(=O)[C@@H](C3=CC=CC=C3)NS(=O)(=O)[O-])C(=O)[O-])C.[Na+].[Na+],0
CC1([C@@H](N2[C@H](S1)[C@@H](C2=O)NC(=O)[C@@H](C3=CC=CC=C3)N)C(=O)OC4C5=CC=CC=C5C(=O)O4)C,0
C[C@@]1([C@@H](N2[C@H](S1(=O)=O)CC2=O)C(=O)O)CN3C=CN=N3,0
CCCCCCCCCC(=O)N[C@@H]1[C@H]([C@@H]([C@H](O[C@H]1OC2=C3C=C4C=C2OC5=C(C=C(C=C5)[C@H]([C@H]6C(=O)N[C@H](C7=C(C(=CC(=C7)O)O[C@@H]8[C@H]([C@H]([C@@H]([C@H](O8)CO)O)O)O)C9=C(C=CC(=C9)[C@H](C(=O)N6)NC(=O)[C@@H]4NC(=O)[C@@H]1C2=CC(=CC(=C2)OC2=C(C=CC(=C2)[C@H](C(=O)N[C@H](CC2=CC(=C(O3)C=C2)Cl)C(=O)N1)N)O)O)O)C(=O)O)O[C@H]1[C@@H]([C@H]([C@@H]([C@H](O1)CO)O)O)NC(=O)C)Cl)CO)O)O,0
CC1([C@@H](N2[C@H](S1)[C@@](C2=O)(NC(=O)C(C3=CSC=C3)C(=O)O)OC)C(=O)O)C,0
CN1C2=C(C(=O)N(C1=O)C)N(C=N2)CCNCC(C3=CC(=C(C=C3)O)O)O,0
CC1(C(N2C(S1)C(C2=O)NC(=O)CSC3=CC=CC=C3)C(=O)O)C,0
CC(C)C(=O)OCC1=CC(=CC=C1)OC(=O)[C@H]2C(S[C@H]3N2C(=O)[C@H]3NC(=O)CC4=CC=CC=C4)(C)C,0
C1[C@@H]([C@H]([C@@H]([C@H]([C@@H]1N)O[C@@H]2[C@@H]([C@H]([C@@H]([C@H](O2)CO)O)N)O)O)O[C@@H]3[C@@H](C[C@@H]([C@H](O3)CN)O)N)N,0
CC1=CC=C(C=C1)C(=O)C2=CC(=C(C(=C2)O)O)[N+](=O)[O-],0
CC1=CC(=C(C=C1)C(C)C)OCC2=NCCN2,0
CC[C@@]1(C[C@@H]2C[C@@](C3=C(CCN(C2)C1)C4=CC=CC=C4N3)(C5=C(C=C6C(=C5)[C@]78CCN9[C@H]7[C@@](C=CC9)([C@H]([C@@]([C@@H]8N6C)(C(=O)N)O)O)CC)OC)C(=O)OC)O,0
CC1/C=C\C(=O)NC/C=C\C(=C/C(CC(=O)CC2=NC(=CO2)C(=O)N3CCC=C3C(=O)OC1C(C)C)O)\C,0
[C-]#[N+]/C(=C\C1=CC=C(C=C1)O)/C(=C/C2=CC=C(C=C2)O)/[N+]#[C-],0
[H+].C[C@H]1[C@H]([C@H](C[C@@H](O1)O[C@H]2C[C@@](CC3=C2C(=C4C(=C3O)C(=O)C5=C(C4=O)C(=CC=C5)OC)O)(/C(=N/NC(=O)C6=CC=CC=C6)/C)O)N)O.[Cl-],0
C(C(F)(F)Cl)(F)(F)Cl,1
C[C@H]1CCCC[C@@]1(C2=CC=CS2)N3CCCCC3,1
[H+].CC(CC1=CC=CC=C1)NCCN2C=NC3=C2C(=O)N(C(=O)N3C)C.[Cl-],1
C[C@H](CCCC(C)C)[C@H]1CC[C@@H]2[C@@]1(CC[C@H]3[C@H]2C[C@H](C4[C@@]3(CCC([C@H]4Br)OC(=O)C)C)Br)C,1
CCC(CC)(C(=O)NC(=O)NC(=O)C)Br,1
CC1=NC=C(C(=N1)N)CN(C=O)/C(=C(\CCOC(=O)COC(=O)C)/SC(=O)C2=CC=CO2)/C,1
CC(=O)NC(CCC(=O)N)C(=O)O,1
CC(=O)NCC1(CCN(CC1)CCCC(=O)C2=CC=C(C=C2)F)C3=CC=CC=C3,1
CC(=O)NC1=CC=C(C=C1)OC(=O)C2=CC=CC=C2O,1
CC(=O)SCC(CC1=CC=CC=C1)C(=O)NCC(=O)OCC2=CC=CC=C2,1
CCC(C(CC(C)N(C)C)(C1=CC=CC=C1)C2=CC=CC=C2)OC(=O)C,1
CC(C)CC(=O)O[C@H]1[C@H]2C(=C[C@@H]([C@]23CO3)OC(=O)CC(C)(C)OC(=O)C)C(=CO1)COC(=O)C,1
CC12CC(C3(C(C1C[C@@H]4[C@]2(OC(O4)C=C)C(=O)CO)CCC5=CC(=O)C=CC53C)F)O,1
C1CN(CCN1CCNC(=O)C23CC4CC(C2)CC(C4)C3)C5=NC=CC=N5,1
CC(C(=O)OC(C)(C)CC1=CC=C(C=C1)Cl)N,1
CCC(=O)OCC(=O)[C@]1([C@@H](C[C@@H]2[C@@]1(C[C@@H]([C@H]3[C@H]2[C@@H](CC4=CC(=O)C=C[C@]34C)Cl)O)C)C)OC(=O)CC,1
CCCN(CCC)C1CC2=CC=CC3=CC(=CC(=C23)C1)O,1
CC12CC[C@H](C[C@@H]1CCC3[C@@H]2C(=O)CC4([C@H]3CCC4C(=O)CO)C)O,1
CC(=O)[C@H]1CC[C@@H]2[C@@]1(CC(=O)[C@H]3[C@H]2CC[C@@H]4[C@@]3(CC[C@H](C4)O)C)C,1
CC(=O)C12C(CC3C1(CCC4C3CCC5=CC(=O)CCC45C)C)OC(O2)(C)C,1
COC1(C(C1(F)Cl)(F)F)F,1
CC1C(=O)N(C(=O)O1)CC=C,1
CNC[C@@H]1CN(C(=O)O1)C2=CC=C(C=C2)OCC3=CC(=CC=C3)Cl,1
[H+].CCCN(CCCCN1C(=O)CC2(CCCC2)CC1=O)C3CC4=C(C=CC=C4OC)OC3.[Cl-],1
C1CC2(CCC(=O)NC2=O)C3=CC=CC=C3C1=O,1
CC(CC#N)N(C)CC(=O)N(C)C1=C(C=C(C=C1)Cl)C(=O)C2=CC=CC=C2F,1
CC[C@H]1CN(CC[C@@]1(C2=CC=CC=C2)OC(=O)CC)C,1
CC[C@H](C(C[C@@H](C)N(C)C)(C1=CC=CC=C1)C2=CC=CC=C2)O,1
CNS(=O)(=O)C1=C(C=C(C(=C1)C(=O)NCC2CCCN2CC=C)OC)N,1
C1=CC2=C3C(=C1)C(=O)N(C(=O)C3=CC=C2)CC(=O)O,1
CCC1(O[C@@H]2C[C@H]3C4CCC5=CC(=O)C=CC5([C@]4([C@H](CC3([C@@]2(O1)C(=O)CO)C)O)F)C)CC,1
C[C@]1(O[C@@H]2C[C@H]3C4CCC5=CC(=O)C=CC5([C@]4([C@H](CC3([C@@]2(O1)C(=O)CO)C)O)F)C)C6=CC=CC=C6,1
CC(=O)OCC(=O)[C@@]12[C@@H](C[C@@H]3[C@@]1(C[C@@H]([C@]4([C@H]3CCC5=CC(=O)C=C[C@@]54C)F)O)C)OC6(O2)CCCC6,1
CCC(=O)O[C@@]1([C@H](C[C@@H]2[C@@]1(C[C@@H]([C@]3([C@H]2CCC4=CC(=O)C=C[C@@]43C)F)O)C)C)C(=O)COC,1
CC1=C(C(=CC=C1)C)NC(=O)C2=CC=C(C=C2)N,1
CC(C)N1C=C2CC3C(C[C@H](CN3C)C(=O)NC4CCCCC4)C5=C2C1=CC=C5,1
CC(CC1=CC=CC=C1)NC(C#N)C2=CC=CC=C2,1
C1CC2=CC=CC=C2C(C3=CC=CC=C31)[NH2+]CCCCCCC(=O)O.[Cl-],1
CCN1CCCC1CNC(=O)C2=CC(=C(C=C2OC)N)S(=O)(=O)CC,1
C[N+](C)(CCC=C1C2=CC=CC=C2CCC3=CC=CC=C31)[O-],1
CC(C)CCOC(CN1CCCC1)C2=CC=CC=C2,1
C1=CC(=O)N(C=C1)C2=CC=CC(=C2)N,1
CN(C)C1=NC=CN=C1,1
CCC(C)(C)O,1
CCOC(=O)C1(CCN(CC1)CCC2=CC=C(C=C2)N)C3=CC=CC=C3,1
COC1=CC=C(C=C1)C(=O)N2CCCC2=O,1
CC1=C(C(=O)OC2=CC(=C(C=C12)OCCCN3CCN(CC3)C4=CC=CC=C4OC)OC)C,1
CCCNC(=O)C1=CC2=C(C=C1)SC3=CC=CC=C3N2[C@H](C)CN4CCCC4,1
CC(C)C1(C(=O)NC(=O)NC1=O)CC=C,1
C1CC(=O)NC2=C1C=CC(=C2)OCCCCN3CCN(CC3)C4=C(C(=CC=C4)Cl)Cl,1
C(C(C1C(=C(C(=O)O1)O)O)O)O,1
CCN(CC)C1=CC(=C(C=C1)NC(=O)C2=CC=CC=C2N)C,1
CC(CO)(C1=CC=CC=C1)C(=O)OC2CC3CCC(C2)N3C,1
C[N+]1(C2CCC1CC(C2)OC(=O)C(CO)C3=CC=CC=C3)[O-],1
CN(C1=C(C=C(C=C1)Cl)C(=O)C2=CC=CC=C2)C(=O)CNC(=O)[C@H](CCCCN)N,1
C1CN(CCC1N2C3=C(C=C(C=C3)Cl)NC2=O)CC4COC5=CC=CC=C5O4,1
C1CC2CCC1CN(C2)S(=O)(=O)C3=CC=C(C=C3)N,1
C1CC2CN(CCN2C1)CCCC(=O)C3=CC=C(C=C3)F,1
C1CNCCC1C(C2=CC=CC=C2)(C3=CC=CC=C3)O,1
C1CN2CCNCC2C3=CC=CC=C31,1
C1CNCC2=CC3=CC=CC=C3N2C1,1
CN(CCC1=CC2=C3N1C4=CC=CC=C4CCC3=CC=C2)CC5=CC=CC=C5,1
C1[C@@H]2CN(C[C@@H]2[C@H]1C3=CC=C(C=C3)F)CCN4C(=O)C5=CC=CC=C5NC4=O,1
CCN(CCN1C(=NC2=C1C(=O)N(C(=O)N2C)C)CC3=CC=CC=C3)CCO,1
CCC1(C(=O)NC(=O)NC1=O)CC,1
C1=CC=C(C=C1)CNC(=O)CCCl,1
C[C@H]1C[C@H]2[C@@H]3CCC4=CC(=O)C=C[C@@]4([C@]3([C@H](C[C@@]2([C@]1(C(=O)CO)O)C)O)Cl)C,1
COC[C@H]1CN(C(=O)O1)C2=CC=C(C=C2)OCC[C@H](C(F)(F)F)O,1
CCC1(CC(=O)NC(=O)C1)C,1
CC(=O)NC1=CC=C(C=C1)OC(=O)C2=CC=CC=C2OC(=O)C,1
C1CCC2=C(C1)C3=C(S2)NC(=O)CN=C3C4=CC=CC=C4,1
CC1=NC=C(C(=N1)N)CN(C=O)/C(=C(/CCOC(=O)C2=CC=CC=C2)\SC(=O)C3=CC=CC=C3)/C,1
C[N+](C)(CC/C=C/1\C2=C(C=CC3=CC=CC=C31)C(=CC=C2)Cl)[O-],1
C1=CC=C(C=C1)CN2C=C(C3=CC=CC=C32)CCC4=CC=NC=C4.Cl,1
C1=CC=C(C=C1)CO,1
CN1CCC2=CC(=C(C=C2[C@H](C1)C3=CC(=CC4=C3OCC4)Br)O)Cl,1
CCOC(=O)C[C@H](C[C@H](/C=C/C1=C(C2=CC=CC=C2OC13CCCC3)C4=CC=C(C=C4)F)O)O,1
C[C@H]1C[C@H]2[C@@H]3CCC4=CC(=O)C=C[C@@]4([C@]3([C@H](C[C@@]2([C@]1(C(=O)CO)OC(=O)C5=CC=CC=C5)C)O)F)C,1
CCCCC(=O)O[C@@]1([C@H](C[C@@H]2[C@@]1(C[C@@H]([C@]3([C@H]2CCC4=CC(=O)C=C[C@@]43C)F)O)C)C)C(=O)CO,1
C1CCC2(C1)CC(=O)N(C(=O)C2)CCNCC3COC4=CC=CC=C4O3,1
C1[C@@H]2N(C1=O)CC(S2)C3(CN4[C@H](S3)CC4=O)O,1
C1CN2CC3=C(CC2CN1CCCC(=O)C4=CC=C(C=C4)F)C5=CC=CC=C5N3,1
CC1=NC=C(C(=N1)N)CN(/C(=C(/SS/C(=C(/N(C=O)CC2=CN=C(N=C2N)C)\C)/CCOC(=O)C3=CC=CC=C3)\CCOC(=O)C4=CC=CC=C4)/C)C=O,1
CC(=O)NCCC[C@@H](C(=O)O)NC(=O)C,1
CCN1CCN(CC1)C2=NC3=C(CCCCCC3)C(=C2)C4=CC=C(C=C4)F,1
CC[C@@]12CCN([C@@H](C1(C)C)CC3=C2C=C(C=C3)O)CC4(CC4)O,1
CC1(C2=C(C=CC(=C2)Br)NC(=O)O1)C,1
CC(C)C(C(=O)NC(=O)N)Br,1
C(Br)(Br)Br,1
CC1=CC(=CC(=C1O)C(=O)N)Br,1
C1C(C(=O)NC1=O)C2=CC(=CC=C2)Br,1
CC1=NN=C2N1C3=C(C=C(S3)Br)C(=NC2)C4=CC=CC=C4Cl,1
C1=NC2=C(N1CC[C@H](CO)O)N=C(NC2=O)N,1
CC(=O)NC1=CC=C(C=C1)OC(C)(C)C,1
[H+].CC(C)(C)[C@@]1(CCN2C[C@H]3C4=CC=CC=C4CCC5=C3C(=CC=C5)[C@@H]2C1)O.[Cl-],1
CCCCC(CC)CNC(=O)CC(C)O,1
C1CC[C@]2([C@H]3CC4=C([C@]2(C1)CCN3CC5CCC5)C=C(C=C4)O)O,1
CC(C(C1=CC=CC=C1)O)NCCN2C=NC3=C2C(=O)N(C(=O)N3C)C,1
CN1C2=C(C=C(C=C2)Cl)C(=NC(C1=O)OC(=O)N(C)C)C3=CC=CC=C3,1
CC1(C2CCC1(C(=O)C2)C)C,1
CCCCC/C(=N/OCCN)/C1=CC(=C(C=C1)C)N,1
CCCCSC1=CC=C(C=C1)C(C2=CC=CC=C2)SCCN(C)C,1
CCCCC1(C(=O)NC(=O)NC1=O)CCOC(=O)N,1
CN1C(=O)CN(C(C2=C1C=CC(=C2)Cl)C3=CC=CC=C3)C(=O)N,1
C#CC(C1=CC=CC=C1)OC(=O)N,1
C1CN(C1C(=O)O)C23CC4CC(C2)CC(C4)C3,1
C1C2=CC=CC=C2OC(=O)N1CC(=O)N,1
C1=CC(=CC=C1C(=O)O)S(=O)(=O)N,1
C[C@@H](C(=O)C1=CC=CC=C1)N,1
C1CN(CC(=O)N1)C(=O)CN2CC(CC2=O)C3=CC=C(C=C3)Cl,1
CC(C)C1=C(C(=C(C(=N1)C(C)C)COC)C2=CC=C(C=C2)F)/C=C/[C@H](C[C@H](CC(=O)O)O)O,1
CC1=CC(=NNC1=O)C,1
CC(=O)C1=CC=C(C=C1)C(C(CO)NC(=O)C(Cl)Cl)O,1
C([C@H]([C@@H]1[C@@H]([C@@H]2C(O1)O[C@@H](O2)C(Cl)(Cl)Cl)O)O)O,1
CC(CC(C)(C)O)OC(C(Cl)(Cl)Cl)O,1
CN1C(S(=O)(=O)CCC1=O)C2=CC=C(C=C2)Cl,1
C1=CC=C2C(=C1)C(=O)C=C(O2)C(=O)O,1
CC(C)C(=O)OCC(=O)[C@@]12[C@@H](C[C@@H]3[C@@]1(C[C@@H]([C@H]4[C@H]3CCC5=CC(=O)C=C[C@]45C)O)C)O[C@H](O2)C6CCCCC6,1
C1CCC(CC1)C2=NN=C3N2C4=C(C=C(S4)Br)C(=NC3)C5=CC=CC=C5Cl,1
CC(=O)OCC(=O)[C@@]12[C@@H](C[C@@H]3C1(CC([C@]4(C3CC(=C5C4(CCC(=C5)OCCCl)C)C#N)F)O)C)OC(O2)(C)C,1
CC(C)N[C@H]1C2CCC([C@@]1(C3=CC(=C(C=C3)Cl)Cl)O)CC2,1
C1CCC(CC1)CNN,1
CC(C)C(C1CCCCC1)O,1
COCC1CN(C(=O)O1)C2=CC=C(C=C2)OCC3=CC(=CC=C3)C#N,1
COC1=CC(=CC(=C1OC)OC)/C=C/C(=O)N2CCCCCCC2,1
C1=CC=C(C(=C1)C2=NC(C(=O)N(C3=C2C=C(C=C3)Cl)CCC#N)O)F,1
CN(C1=C(C=C(C=C1)Cl)C(=O)C2=CC=CC=C2Cl)C(=O)CNC3CC3,1
C[C@]12C[C@@H]([C@]3(C([C@@H]1C[C@@H]4[C@]2(OC(O4)(C)C)C(=O)COC(=O)C5CC5)C[C@@H](C6=CC(=O)C=C[C@@]63C)F)F)O,1
CN1CCC2=C(CC1)C3=C(C=CC(=C3)C#N)SC4=CC=CC=C24,1
COC1=CC(=C(C=C1C(=O)NC2CCN(CC2)CC3=CC=CC=C3)Cl)N,1
C1COC(=N1)NC2=C(C=CC=C2Cl)Cl,1
C[C@H]1C[C@H]2[C@@H]3CCC4=CC(=O)C=C[C@@]4([C@]3(C(=O)C[C@@]2([C@]1(C(=O)CCl)O)C)F)C,1
CCCC(=O)O[C@@]1([C@H](C[C@@H]2[C@@]1(CC(=O)[C@]3([C@H]2CCC4=CC(=O)C=C[C@@]43C)F)C)C)C(=O)CCl,1
C[C@@H]1CC2C3C[C@@H](C4=CC(=O)C=CC4([C@]3(C(CC2(C1C(=O)CO)C)O)Cl)C)F,1
C[C@@H]1C[C@H]2[C@@H]3C[C@@H](C4=CC(=O)C=C[C@@]4(C3([C@H](C[C@@]2([C@H]1C(=O)COC(=O)C)C)O)Cl)C)F,1
C[C@@H]1CC2C3C[C@@H](C4=CC(=O)C=CC4([C@]3(C(CC2(C1C(=O)COC(=O)C(C)(C)C)C)O)Cl)C)F,1
CN(C)CCCN1C2=C(C=C(C=C2)Cl)N(C1=O)C3=CC=CC=C3,1
CCN(CC)CCOC1(CCCCC1)C2=CC=C(C=C2)Cl,1
C1CN(CCC1(C2=CC(=C(C=C2)Cl)C(F)(F)F)O)CCCC(=O)C3=CC=C(C=C3)F,1
C1CN(CCN1CCCN2C(=O)C3=CC=CC=C3NC2=O)C4=CC(=CC=C4)Cl,1
C[C@]12C[C@@H]([C@H]3[C@H]([C@@H]1CC[C@@]2(C(=O)CO)O)C=C(C4=CC(=O)C=C[C@]34C)Cl)O,1
C(C(Cl)(Cl)Cl)OC(=O)OCC(Cl)(Cl)Cl,1
CN(CCCOC1=C(C=C(C=C1)Cl)Cl)CC#C,1
C1CN(CCC1C(=O)C2=CC=C(C=C2)Cl)CCCC(=O)C3=CC=C(C=C3)F,1
CN1CCN(CC1)C2CC3=CC=CC=C3SC4=C2C=C(C=C4)Cl,1
CCC1=CC2=C(S1)N(C(=O)CN=C2C3=CC=CC=C3Cl)C,1
CCC(=O)O[C@@]1([C@@H](C[C@@H]2[C@@]1(C[C@@H]([C@]3(C2C[C@@H](C4=CC(=O)C=C[C@@]43C)F)F)O)C)C)C(=O)SCCl,1
CNC(=O)CCN1CCN(CC1)CCC=C2C3=CC=CC=C3SC4=C2C=C(C=C4)Cl,1
CCC12CCN(C(C1(C)C)CC3=C2C=C(C=C3)O)CC4CCC4,1
CC[C@H]1CC(=O)[C@H]2[C@@]34[C@@H]1C(CC5=C3C(=C(C=C5)OC)O2)N(CC4)CC6CC6,1
CC1CC2C3CC(C4=CC(=O)C=C[C@@]4(C3(C(CC2(C1(C(=O)CO)O)C)O)F)C)(F)F,1
CC12CCC(=O)C=C1CCC3C2CCC4(C3CCC4(C(=O)CO)O)C,1
CC(=O)OCC(=O)[C@]1(CC[C@@H]2[C@@]1(CC(=O)[C@H]3[C@H]2CCC4=CC(=O)CC[C@]34C)C)O,1
C[C@@H]1C[C@H]2[C@@H]3C=C(C4=CC5=C(C[C@@]4([C@H]3[C@H](C[C@@]2([C@]1(C(=O)COC(=O)C6=CC(=CC=C6)S(=O)(=O)O)O)C)O)C)C=NN5C7=CC=CC=C7)C,1
CN1C(CCC1=O)C2=CN=CC=C2,1
CN(C)CC(=O)C=C1C2=CC=CC=C2CCC3=CC=CC=C31,1
CC1CC(CC(C1)(C)C)OC(=O)C2CCC(=O)N2,1
CCC(C(=O)N(C)C)N(CC)C(=O)/C=C/C,1
C1CCC(C1)(COC(=O)NC2=CC=CC=C2)COC(=O)NC3=CC=CC=C3,1
CN(C)C1CCC2=C(C1)C3=CC=CC=C3N2,1
CCC1(C(=O)NC(=O)NC1=O)C2=CCCCC2,1
CN(C)CCC=C1C2=CC=CC=C2C=CC3=CC=CC=C31,1
CC(=O)[C@H]1CC[C@@H]2[C@@]1(CC[C@H]3[C@H]2C[C@H](C45[C@@]3(CCC4C5)C)O)C,1
C1CC2=CC=CC=C2C(C3=CC=CC=C31)C(=O)N,1
CN(C)CCOC(=O)CCC1CCCCC1,1
C1C2C1(C(=O)NC2=O)C3=CC=C(C=C3)Cl,1
CN(C)CC(=O)N1C2=CC=CC=C2SC3=CC=CC=C31,1
C1CN=C(N1)C(C2=CC=C(C=C2)Cl)(C3=CC=CC=N3)O,1
CCCCCCCCCCOC1=C(C=C(C=C1OC)C(=O)N)OC,1
CC1=CC(=C(C=C1)CC2=CC=CC=C2)N3CCNCC3,1
C1C(=O)N=C2C=CC(=CC2=C(N1O)C3=CC=CC=C3)Cl,1
CCCCN1C2=C(C(=O)N(C1=O)CCCC)N(C=N2)CC(=O)C,1
CC(=O)C1(CCC2C1(CC(C3C2CCC4=CC(=O)C=CC34C)O)C)O,1
C1=C2C(=NC(=N1)N)N(C=N2)COCCO,1
CC(=O)[C@]1([C@@H](C[C@@H]2[C@@]1(C[C@@H]([C@]3([C@H]2CCC4=CC(=O)C=C[C@@]43C)F)O)C)O)O,1
CC1(O[C@@H]2C[C@H]3C4CCC5=CC(=O)C=CC5([C@H]4C(CC3([C@@]2(O1)C(=O)CO)C)O)C)C,1
C[C@@H]1C[C@H]2[C@@H]3CCC4=CC(=O)C=C[C@@]4([C@]3([C@H](C[C@@]2([C@H]1C(=O)CO)C)O)F)C,1
CC1=C(C(=CC=C1)CC2=CN=CN2)C,1
C[C@@H]1C[C@H]2[C@@H]3CCC4=CC(=O)C=C[C@@]4([C@]3([C@H](C[C@@]2([C@]1(C(=O)COC(=O)C)OC(=O)C5=CC=CO5)C)O)F)C,1
C1CSC2=N[C@@H](CN21)C3=CC=CC=C3,1
C1CN2C(CN=C2N1)C3=CC=CC=C3,1
C1CCN[C@@H](C1)[C@H]2COC(O2)(C3=CC=CC=C3)C4=CC=CC=C4,1
CC12CC([C@]3(C(C1CC[C@@]2(C(=O)CO)O)CCC4=CC(=O)C=CC43C)Cl)Cl,1
CC(=O)OCC(=O)[C@]1(CCC2C1(CC([C@]3(C2CCC4=CC(=O)C=CC43C)Cl)Cl)C)O,1
CCN(CC)CCNC(=O)C1=C(C(=CC(=C1)Cl)Cl)OC,1
CC(C)CC(=O)OCC1=CO[C@H]([C@H]2[C@@H]1C[C@@H]([C@]23CO3)OC(=O)C)OC(=O)CC(C)C,1
CCCCOCC(CN1C(=O)C(C(=O)N(C1=O)CC(COCCCC)OC(=O)N)(CC)C2=CC=CC=C2)OC(=O)N,1
C1CN(CCN1CCCC(C2=CC=C(C=C2)F)C3=CC=C(C=C3)F)CCNC4=CC=CC=C4,1
C[C@@H]1CC2C3C[C@@H](C4=CC(=O)C=CC4([C@]3(C(CC2(C1C(=O)CO)C)O)F)C)F,1
C[C@@H]1C[C@H]2[C@@H]3C[C@@H](C4=CC(=O)C=C[C@@]4([C@]3([C@H](C[C@@]2([C@H]1C(=O)COC(=O)C(C)(C)C)C)O)F)C)F,1
CC1(CCN(C1)C)CN2C3=CC=CC=C3SC4=CC=CC=C42,1
CC1(C(=O)NC(=O)O1)C,1
CN1C2=C(C(=O)N(C1=O)C)N(C=N2)CCN(C)C,1
CC(CC1=CC=CC=C1)N(C)C,1
C1CC(=O)N2C1NC(=O)C2,1
CCCCCCCCCC1(OCC(O1)COC(=O)N)C,1
CC(=O)NNC(=O)CC(C1=CC=CC=C1)(C2=CC=CC=C2)O,1
CC12C3=CC=CC=C3CC(N1)C4=CC=CC=C24,1
CCCC(=O)O[C@@]1(CCC[C@@H]2[C@@]1(C[C@@H]([C@H]3[C@H]2CCC4=CC(=O)C=C[C@]34C)O)C)C(=O)C,1
[H+].COC1=C(C=C2C(=C1)CC(C2=O)CC3CCN(CC3)CC4=CC=CC=C4)OC.[Cl-],1
C1C2CC3CC1CC(C2)(C3)C(=O)NCCC4=CC(=C(C=C4)O)O,1
CN1CC[C@]23C[C@@H](CC[C@]2([C@H]1CC4=C3C(=C(C=C4)OC)OC)O)O,1
CNCCC(C1=CC=CS1)OC2=CC=CC3=CC=CC=C32,1
C1CC(=O)N(C1)CC(=O)NNC(=O)CN2CCCC2=O,1
CCC(=O)N([C@@H]1CCC[C@H]1N(C)C)C2=CC(=C(C=C2)Cl)Cl,1
CC1=NN(C(=O)C1)C2=CC=CC=C2,1
CC1=NC=CN1C(C)C2=CC=CC=C2,1
CCN(CC)C/C=C/1\C2=C(C=C(C=C2)Cl)NC3=CC=CC=C31,1
CCS(=O)(=O)CCN1C(=O)CN=C(C2=C1C=CC(=C2)Cl)C3=CC=CC=C3F,1
C1CN(CCN1)C2=C3C(=CC=C2)OCCO3,1
CCC(CC)(CNC(=O)CCCO)C1=CC(=CC=C1)OC,1
COC1=CC=CC=C1N2CCN(CC2)CC(COC3=CC(=C(C(=C3)OC)OC)OC)O,1
CCOC(=O)N(CC1=CC=CC=C1)C2CC2,1
C1CN(CCC1O)C2=NN=C(C=C2)C3=C(C=C(C=C3)Cl)Cl,1
CCN(CC)C(=O)[C@@H]1[C@@H]2C[C@H]([C@H]1C(=O)N(CC)CC)C=C2,1
CC1CC2C3CCC(C3(CC(C2C4(C1=CC(=O)C=C4)C)O)C)C(=O)C,1
CCCCCCCNC(=O)OC1=CC2=C(C=C1)N([C@@H]3[C@]2(CCN3C)C)C,1
CN1CCC2=C(CC1)C3=CC=CC=C3N(C4=CC=CC=C24)C,1
CCN1CCCC1CNC(=O)C2=C(C=CC(=C2)C(=O)C)OC,1
CCN(CC)CCN1C=NC2=C1C(=O)N(C(=O)N2C)C,1
CCN=C1NC2=C(C=C(C=C2)Cl)C(S1)C3=CC=CC=C3,1
CCOC1C2=CC=CC=C2C(=O)N(C3=CC=CC=C13)C,1
[H+].CCCCNCC1COC2=C(O1)C(=CC=C2)OCC.[Cl-],1
CCCl,1
C=C,1
CCC1(C(=O)C(=CNC1=O)C)CC,1
CCNC1(CCCCC1)C2=CC=CC=C2,1
[H+].CCN=C1NC2=C(C=C(C=C2)Cl)C(O1)(C)C3=CC=CC=C3.[Cl-],1
CCC(C(=O)N)N1CCCC1=O,1
CCN(CC)S(=O)(=O)N[C@H]1C[C@H]2[C@@H](CC3=CNC4=CC=CC2=C34)N(C1)C,1
C1CN(CCN1CCOCCOCCO)C(C2=CC=CC=C2)C3=CC=C(C=C3)Cl.C(=C/C(=O)O)\C(=O)O,1
CCC1=NN(C(=O)N1CC)CCCN2CCN(CC2)C3=CC(=CC=C3)Cl,1
CCC1(OCC(O1)C2CCCCN2)C3=CC=CC=C3,1
CC(=O)OCC(CCN1C=NC2=CN=C(N=C21)N)COC(=O)C,1
CN(C)CCCN1C2=CC=CC=C2C3=CC=CC=C3C1=O,1
CCC1=C(N2C=C(N=C2N=C1OC)C3=NOC(=N3)C)C,1
C1CCN(CC1)C(=O)[C@H]2CCC(=O)N2,1
CCCCOCC(CN1C(=O)C(C(=O)NC1=O)(CC)C2=CC=CC=C2)OC(=O)N,1
C1=CC=C(C=C1)C(COC(=O)N)COC(=O)N,1
CN1CCC(C(C1)COC2=CC=C(C=C2)OC)C3=CC=CC=C3,1
C1CCC(CC1)OC(=O)N2CCN(CC2)CCCC(=O)C3=CC=C(C=C3)F,1
CCC(C1=CC=CC=C1)C(=O)OCCN2CCOC(C2C)C3=CC=CC=C3,1
CCNC1C2CCC(C2)C1C3=CC=CC=C3,1
CCCCN=C(C1=CC=CC=C1Cl)C2=C(C=CC(=C2)Cl)O,1
C1CNC(C2=C1C3=CC=CC=C3N2)CC4=CC=CC=C4,1
CCC1C(=O)NC(=O)C1(C)C2=CC=CC=C2,1
C1CN=C(N1)COC2=CC(=C(C=C2)Cl)Cl,1
CC1C(OCC(=O)N1)C2=CC=CC=C2,1
CCN=C1NC(=O)C(O1)C2=CC=CC=C2,1
CC(C)(CC(C)(C1=CC=C(C=C1)Cl)O)O,1
CN1C(=NC(=N1)C2=CN=CC=C2)C3=CC=CC=C3CO,1
C1CN(CCN1CC2=CC3=C(C=C2)OCO3)C(=O)COC4=CC=C(C=C4)Cl,1
CC(C)(C)NCC(C1=CC=CC=C1F)O,1
CS(=O)(=O)C1=CC=C(C=C1)[C@H]([C@@H](CF)NC(=O)C(Cl)Cl)O,1
CCN(CC)CCC(=O)N1C2=CC=CC=C2SC3=C1C=C(C=C3)C(F)(F)F,1
CC1=NC2(C(O1)CC3C2(CC([C@]4(C3CCC5=CC(=O)C=CC54C)F)O)C)C(=O)COC(=O)C,1
CCOC(=O)N(CCN(C)C)C1=CC=CC(=C1)C(F)(F)F,1
CC1(O[C@@H]2CC3C4C[C@@H](C5=CC(=O)C=CC5([C@]4(C(CC3([C@@]2(O1)C(=O)CO)C)Cl)Cl)C)F)C,1
C[C@]12CCC(=O)C=C1CC[C@@H]3[C@@]2([C@H](C[C@]4([C@H]3CC[C@@]4(C(=O)CO)O)C)O)F,1
CC(=O)OCC(=O)[C@]1(CC[C@@H]2[C@@]1(C[C@@H]([C@]3([C@H]2CCC4=CC(=O)CC[C@@]43C)F)O)C)O,1
CC1=CC2=C(S1)NC3=C(C=C(C=C3)F)N=C2N4CCN(CC4)C,1
CC1(O[C@@H]2CC3C4C[C@@H](C5=CC(=O)C=CC5([C@]4(C(CC3([C@@]2(O1)C(=O)C(OC)OC)C)O)F)C)F)C,1
CC(=O)OCC(=O)[C@@]12[C@@H](C[C@@H]3[C@@]1(C[C@@H]([C@]4([C@H]3C[C@@H](C5=CC(=O)C=C[C@@]54C)F)F)O)C)OC(O2)(C)C,1
CCCCOC(=O)C(=O)C1C(CC2C1(CC(C3C2CC(C4=CC(=O)C=CC34C)F)O)C)C,1
CCCCCC(=O)OCC(=O)C1C(CC2C1(CC(C3C2CC(C4=CC(=O)C=CC34C)F)O)C)C,1
CCS(=O)(=O)C1=CC=C(C=C1)F,1
C[C@H]1C[C@H]2[C@@H]3CC[C@@]([C@]3(C[C@@H]([C@@]2([C@@]4(C1=CC(=O)C=C4)C)F)O)C)(C(=O)C)OC(=O)C,1
C[C@@H]1C2=C(C=C(C=C2)C(F)(F)F)[C@@H](C3=CC=CC=C13)CCCN(C)C,1
CNCCC(C1=CC=CC=C1)OC2=CC=C(C=C2)C(F)(F)F,1
CCCCCCC(=O)OCCN1CCN(CC1)CCCN2C3=CC=CC=C3SC4=C2C=C(C=C4)C(F)(F)F,1
C1CN(CCC1OCCO)CCCN2C3=CC=CC=C3SC4=C2C=C(C=C4)C(F)(F)F,1
C1CN(CCN1CCNC(=O)N)C2=CC=CC(=C2)C(F)(F)F,1
C1CN(CCC12C(=O)NCN2C3=CC=CC=C3)CCCC(C4=CC=C(C=C4)F)C5=CC=C(C=C5)F,1
C1COC2(N1CC(=O)N(C3=C2C=C(C=C3)Cl)CCO)C4=CC=CC=C4F,1
CN1C2=C(C=C(C=C2)Cl)C(=NC(C1=O)O)C3=CC=CC=C3F,1
CC1CC2C3CC(C4=CC(=O)C=CC4(C3(C(CC2(C1(C(=O)SCF)O)C)O)F)C)F,1
CCC(=O)O[C@@]1([C@@H](C[C@@H]2[C@@]1(C[C@@H]([C@]3([C@H]2C[C@@H](C4=CC(=O)C=C[C@@]43C)F)F)O)C)C)C(=O)SCF,1
C1CN(CCN1CCCN2C3=C(SC=C3)SC4=C2C=C(C=C4)C(F)(F)F)CCO,1
CCOC(=O)C1=CN=CN1C(C)C2=CC=C(C=C2)F,1
CC(C)N1C2=CC=CC=C2C(=C1/C=C/[C@H](C[C@@H](CC(=O)O)O)O)C3=CC=C(C=C3)F,1
COCCCC/C(=N\OCCN)/C1=CC=C(C=C1)C(F)(F)F.C(=C\C(=O)O)\C(=O)O,1
CNC(=O)N1CC(C1)OC2=CC=CC(=C2)C(F)(F)F,1
C1=CC(=CC=C1C(=O)N[C@@H](CCC(=O)O)C(=O)O)NCC2=CN=C3C(=N2)C(=O)NC(=N3)N,1
CC(=O)OCC(=O)[C@@]12[C@@H](CC3C1(CC([C@]4(C3CC(=C5C4(CCC(=C5)OCCCl)C)C=O)F)O)C)OC(O2)(C)C,1
CP(=O)(C)CN1C(=O)CN=C(C2=C1C=CC(=C2)Cl)C3=CC=CC=C3,1
C1=CC=C(C=C1)P(=O)(CC(=O)NN)C2=CC=CC=C2,1
C[C@H]1[C@H](O1)P(=O)(O)O,1
C1=CC=C(C=C1)C2(C(=O)N(C(=O)N2)COP(=O)(O)O)C3=CC=CC=C3,1
CN1CCN(CC1)CCC(=O)N2C3=CC=CC=C3SC4=C2C=C(C=C4)C(F)(F)F,1
C1CN(CCN1CCC(=O)N2C3=CC=CC=C3SC4=C2C=C(C=C4)C(F)(F)F)CCO,1
C1COC(=O)C1C2(CCN(CC2)CCCN3C4=CC=CC=C4SC5=C3C=C(C=C5)Cl)O,1
C1CNCC2=C1C(=O)NO2,1
CC(=O)[C@H]1CC[C@@H]2[C@@]1(CC[C@H]3[C@H]2CC[C@@H]4[C@@]3(CC[C@@](C4)(C)O)C)C,1
CC(C)OC(=O)C1=NC=C2C(=C1COC)C3=C(N2)C=CC=C3OC4=CC=C(C=C4)Cl,1
CCC12CCN(C(C1(C)C)CC3=C2C=C(C=C3)O)CC4CC4,1
C1CN(CC2=C1NC3=C2C=C(C=C3)F)CCCC4=CN=CC=C4,1
CC1=NN=C(C2=CC(=C(C=C2C1)OC)OC)C3=CC(=CC=C3)Cl,1
C[C@]12CCC(=O)C=C1CC[C@@H]3[C@@]2([C@H](C[C@]4([C@H]3C[C@@H]5[C@]4(OC(O5)(C)C)C(=O)CCl)C)O)F,1
C[C@@H]1C[C@H]2[C@@H]3C[C@@H](C4=CC(=O)C=C[C@@]4(C3([C@H](C[C@@]2([C@H]1C(=O)CO)C)F)Cl)C)F,1
C1CN(CCC1N2C3=C(C=C(C=C3)Cl)NC2=O)CCNC(=O)C4=CC=C(C=C4)F,1
C[C@]12C[C@@H](C3([C@H]([C@@H]1CCC2(C(=O)CO)O)C[C@H](C4=CC(=O)C(=C[C@@]43C)Br)F)F)O,1
C1COC2(N1CC(=O)NC3=C2C=C(C=C3)Br)C4=CC=CC=C4F,1
CCCCCC(C(C1=CC=CC=C1)(C2=CC=CC=C2)O)N,1
C1C=CN(C=CN1CCO)CCCN2C3=CC=CC=C3C=CC4=CC=CC=C42,1
CC(C)(CO)[C@H](C(=O)NCCCC(=O)O)O,1
CCN(CC)CC(=O)OCC(=O)[C@]1(CC[C@@H]2[C@@]1(C[C@@H]([C@H]3[C@H]2CCC4=CC(=O)CC[C@]34C)O)C)O,1
CCC(=O)O[C@@]1(CC[C@@H]2[C@@]1(C[C@@H]([C@H]3[C@H]2CCC4=CC(=O)CC[C@]34C)O)C)C(=O)COC(=O)C,1
C[C@]12CCC(=O)C=C1CC[C@@H]3[C@@H]2[C@H](C[C@]4([C@H]3CC[C@@]4(C(=O)COC(=O)CCC(=O)O)O)C)O.O,1
CCCCC(=O)O[C@@]1(CCC2C1(CC(C3C2CCC4=CC(=O)CCC34C)O)C)C(=O)CO,1
CC12CCC(=O)C=C1CCC3C2C(CC4(C3CCC4(C(=O)COC(=O)CCC5CCCC5)O)C)O,1
CN1CC[C@]23[C@@H]4[C@H](CC[C@]2([C@H]1CC5=C3C(=C(C=C5)O)O4)O)O,1
CC1=C(C2=C(N1CC3=CC=C(C=C3)OC)C=CC(=C2)O)CCN,1
CCC(C(C)C)(C(=O)N)Br,1
C1CC1COCCN2C(=O)CN=C(C3=C2C=CC(=C3)Cl)C4=CC=CC=C4,1
CC1=C(C(=CC=C1)O[C@H]2CCNC[C@H]2O)C,1
C1CCN(CC1)C(=O)/C=C/C2=CC3=C(C=C2)OCO3,1
CC(=O)C1=CC(=C(C=C1)OCCCN2CCC(CC2)C3=NOC4=C3C=CC(=C4)F)OC,1
C[N+](C)(CCCN1C2=CC=CC=C2CCC3=CC=CC=C31)[O-],1
[H+].CN[C@@H]1C[C@H](C2=CC=CC=C12)C3=CC(=C(C=C3)Cl)Cl.[Cl-],1
C1COC(CN1)COC2=CC=CC3=C2CC=C3,1
CN(C)CCC1(C=CC2=CC=CC=C21)C3=CC=CC=C3,1
CC(C)NNC(=O)COC1=CC=C(C=C1)Cl,1
CC(C)NC1=NC(=C(C(=N1)Cl)SC)N2CCN(CC2)C,1
CC1=CC(=NO1)C(=O)NNCC2=CC=CC=C2,1
CC12CC(C3(C(C1CCC2(C(=O)CO)O)CCC4=CC(=O)C=CC43C)F)O,1
CC(=O)OCC(=O)[C@]1(CC[C@@H]2[C@@]1(C[C@@H]([C@]3([C@H]2CCC4=CC(=O)C=C[C@@]43C)F)O)C)O,1
CCC[C@@H]1O[C@@H]2C[C@H]3[C@@H]4C[C@@H](C5=CC(=O)C=C[C@@]5(C4([C@H](C[C@@]3([C@@]2(O1)C(=O)O[C@H](C)OC(=O)OCC)C)O)F)C)F,1
COC1=CC2=C(C=CN=C2C=C1)CCC[C@@H]3CCNC[C@H]3C=C,1
CC1[C@H]2C(=O)C3=C([C@@]1(CCN2CC4CC4)C)C=C(C=C3)O,1
CC1=CC(=O)N2CC(=O)N(C3=C(C2(O1)C4=CC=CC=C4)C=C(C=C3)Cl)C,1
CCC(=O)C1(CCN(CC1)C)C2=CC(=CC=C2)O,1
C1CN(CCN1CCCCN2C=C(C=N2)Cl)C3=NC=CC=N3,1
C1CCC23CCN(C(C2C1)CC4=C3C=C(C=C4)O)CC(=O)C5=CC=CC=C5,1
C1=CC=C(C=C1)N2C3=CC=CC=C3C(C2=O)(CC4=CC=NC=C4)CC5=CC=NC=C5,1
CCN(CC)C(=O)N[C@@H]1CN([C@@H]2CC3=CNC4=CC=CC(=C34)C2=C1)C,1
CC1(C2=CC=CC=C2C(=CCCNC)C3=CC=CC=C31)C,1
C1CNC2=C(C=C(C=C2)Cl)N(C1=O)C3=CC=CC=C3,1
CCC(=O)N(C1=CC=CC=C1)[C@@]2(CCN(C[C@@H]2C)CCC3=CC=CC=C3)C(=O)OC,1
CN(C)C1CCCC2=C(C=CC(=C12)Cl)OC,1
C1=CC=C(C(=C1)C2=NC(C(=O)NC3=C2N=C(C=C3)Cl)O)Cl,1
CN1CCN(CC1)/C=C\2/C(=O)N3C(=N2)CN=C(C4=C3C=CC(=C4)[N+](=O)[O-])C5=CC=CC=C5Cl,1
CN1C2=C(C=C(C=C2)Cl)C(=NC(C1=O)O)C3=CC=CC=C3Cl,1
C1C[C@@H]2CN3C(=NN=C3[C@@H]2C1)CCN4CCN(CC4)C5=CC=CC(=C5)C(F)(F)F,1
CN1CC[C@]23C(C1)C(CC(=O)N2)C4=C(O3)C=CC(=C4)Cl,1
CN(C1=C(C=C(C=C1)Cl)C(=O)C2=CC=CC=C2Cl)C(=O)CNC(=O)CN.O,1
CCOC(=O)OC1(CCC2C1(CC(C3C2CCC4=CC(=O)C=CC34C)O)C)C(=O)OCCl,1
CN1CCN(CC1)C2=NC3=CC=CC=C3OC4=C2C=C(C=C4)Cl,1
C1CN2C(=N1)C3=CC=CC=C3C2(C4=CC=C(C=C4)Cl)O,1
C[C@]12C[C@@H]([C@H]3[C@H]([C@@H]1CC[C@@]2(C(=O)CN4CCN(CC4)C)O)CCC5=CC(=O)C=C[C@]35C)O,1
CC(C1=CC=CC=C1)NN,1
CCC(C)C(C)(COC(=O)N)COC(=O)N,1
C[C@H]1C(=O)NC2=C(C=C(C=C2)[N+](=O)[O-])C(=N1)C3=CC=CC=C3Cl,1
CNC(=O)NC(C(Cl)(Cl)Cl)O,1
C[C@@H]1CC2C3CCC4=CC(=O)C=CC4([C@]3(C(CC2([C@]1(C(=O)CO)O)C)Cl)Cl)C,1
C[C@H]1C[C@H]2[C@@H]3CC[C@@H]([C@]3(C[C@@H]([C@@H]2[C@@]4(C1=CC(=O)CC4)C)O)C)C(=O)C,1
[H+].CCN(CC)CCNC(=O)COC1=CC=C(C=C1)OC.[Cl-],1
CC1(C2=CC=CC=C2C(=CCCN(C)C)C3=CC=CC=C31)C,1
CC1CCN(CC1)CCCC(=O)C2=CC=C(C=C2)F,1
CC12CC3CC(C1)(CC(C3)(C2)N)C,1
COC1=CC=CC=C1OCC2CNC(=O)O2,1
CN(C)CCCC1(C2=CC=CC=C2SC3=C1C=C(C=C3)OC)O,1
CN1C[C@H](C[C@H]2[C@H]1CC3=CN(C4=CC=CC2=C34)C)NS(=O)(=O)N(C)C,1
CC(=O)NC1=CC(=CC=C1)O,1
CC(C)(C(C)(C1=CC(=CC=C1)Cl)O)O,1
CN(C)CCN(CC1=CC=CS1)C2=CC=CC=N2,1
CCC1(C(=O)NC(=O)N(C1=O)C)CC,1
CCCC(C)C1(C(=O)NC(=S)NC1=O)CCSC,1
CC1=CCC2C3CC4=C5C2(C1OC5=C(C=C4)O)CCN3C,1
CN1CC[C@]23[C@@H]4[C@H]1CC5=C2C(=C(C=C5)O)O[C@H]3[C@H](CC4)OC,1
CCC(=O)O[C@@]1(CC[C@@H]2[C@@]1(C[C@@H]([C@H]3[C@H]2C[C@@H](C4=CC(=O)C=C[C@]34C)C)O)C)C(=O)COC(=O)C,1
CC1=CC2=C(C=C1)SC3=CC=CC=C3N=C2N4CCN(CC4)C,1
COC1=CC(=CC(=C1OC)OC)C(=O)OCCN2CCN(CC2)CCCN3C4=CC=CC=C4SC5=C3C=C(C=C5)Cl,1
CS(=O)(=O)C1=CC2=C(C=C1)SC3=CC=CC=C3N2CCCN4CCC(CC4)C(=O)N,1
C[C@]12C(=O)CC[C@@H]3[C@]14CCN([C@@H]3CC5=C4C(=C(C=C5)O)O2)C,1
COC1CC2CN3CCC4=C(C3CC2C(C1OC)C(=O)OC)NC5=C4C=CC(=C5)OC,1
CN1CCN(CC1)C2=CC3=CC=CC=C3OC4=C2C=C(C=C4)OC,1
CC1COC2(N1CC(=O)NC3=C2C=C(C=C3)Cl)C4=CC=CC=C4Cl,1
CNC1=NC(=C(C(=N1)Cl)SC)N2CCN(CC2)C,1
C1(=NC(NC1(C(F)(F)F)C(F)(F)F)(C(F)(F)F)C(F)(F)F)N,1
CCCCCNCC(=O)N,1
CN1CCC=C(C1)/C=N/OC,1
CC1=CC(=NN=C1NCCN2CCOCC2)C3=CC=CC=C3,1
CCO[C@H]1C[C@]2([C@@H](CC[C@@H]3[C@@H]2[C@@H](C[C@]4([C@H]3CC[C@@H]4C(=O)C)C)N(C)C)C[C@@H]1O)C,1
CN1[C@@H]2CC[C@H]1CC(C2)NC(=O)C3=CN(C4=CC=CC=C4C3=O)C5CCCCC5,1
C1=CC=C(C=C1)C(C2=CC=CC=C2)S(=O)CC(=O)N,1
C[C@@H]1C[C@H]2[C@@H]3CCC4=CC(=O)C=C[C@@]4([C@]3([C@H](C[C@@]2([C@]1(C(=O)CCl)O)C)O)Cl)C,1
CC1(C2=CC=CC=C2N(C3=CC=CC=C31)CCCNC)C,1
CC1(CC(=O)N(C1=O)CN2CCOCC2)C3=CC=CC=C3,1
COCN1C(=O)CN=C(C2=C1C=CC(=C2)[N+](=O)[O-])C3=CC=CC=C3,1
CC1=CC(=NN=C1NCCN2CCOCC2)C3=CC=C(C=C3)O,1
CCCCCCCCCCCCCC(=O)O[C@H]1C=C[C@H]2[C@H]3CC4=C5[C@]2([C@H]1OC5=C(C=C4)OCC6=CC=CC=C6)CCN3C,1
CCCCCC(C)C(C)C1=CC2=C(C3=C(CCC(C3)C)C(O2)(C)C)C(=C1)OC(=O)CCCN4CCCCCC4,1
CCCCCCC(C)(C)C1=CC(=C2[C@@H]3CC(=O)CC[C@H]3C(OC2=C1)(C)C)O,1
C1=CC=C2C=C(C=CC2=C1)C(=O)CN3C=CN=C3,1
C[C@]12C[C@@H]([C@]3([C@H]([C@@H]1C[C@@H]4[C@]2(CC5=CC=CC=C5C4)C(=O)CO)CCC6=CC(=O)C=C[C@@]63C)F)O.O,1
C1CC(C1)CN2CCC34C5C(CCC3(C2CC6=C4C(=C(C=C6)O)O5)O)O,1
C=C1CC[C@]2([C@H]3CC4=C5[C@]2([C@H]1OC5=C(C=C4)O)CCN3CC6CC6)O,1
CC(=CCN1CC[C@]23[C@@H]4C(=O)CC[C@]2([C@H]1CC5=C3C(=C(C=C5)O)O4)O)C,1
CC1=C(C(=CC=C1)C)NC(=O)CN2CCCC2=O,1
C1CN(CCC1N2C3=CC=CC=C3NC2=O)CCCC4=NOC5=C4C=CC(=C5)F,1
C1=CC=C(C=C1)CNC(=O)CCNNC(=O)C2=CC=NC=C2,1
CC(CCN1CCN(CC1)C2=CC=C(C=C2)F)NC(=O)C3=CN=CC=C3,1
C/C=C\C1O[C@@]23CC[C@]([C@]2(C[C@@H]([C@H]4[C@H]3CCC5=CC(=O)CC[C@]45C)O)C)(O1)C(=O)COC(=O)C6=CC=NC=C6,1
C1COCCN1C(=O)C2=CN=CC=C2,1
C1=CC(=CN=C1)C(=O)N,1
CCN(CC)C(=O)C1=CN=CC=C1,1
CN1C(=O)CN=C(C2=C1C=CC(=C2)[N+](=O)[O-])C3=CC=CC=C3,1
CCC(C)C(C)(COC(=O)N)COC(=O)NC(C)C,1
CNCCC(C1=CC=CC=C1)OC2=CC=CC=C2OC,1
C1=CC=C(C(=C1)C2=CC=C(O2)C(=N)N)[N+](=O)[O-],1
CC12CC[C@H]3C([C@@H]1CC[C@]2(C#C)O)CCC4=CC5=C(CC34C)C=NN5C6=CC=C(C=C6)F,1
CNC/C=C(/C1=CC=C(C=C1)Br)\C2=CN=CC=C2,1
CN1CC(C2=C(C1)C(=CC=C2)N)C3=CC=CC=C3,1
CCCCCCCCCNC1=NC=NC2=C1C=CN2,1
C(C(F)(F)F)F,1
C1CCC23CCNC(C2C1)CC4=C3C=C(C=C4)O,1
C1CNC2CC3=C4C15C2C=CC(C5OC4=C(C=C3)O)O,1
C1CCC(=CC1)C2=NCC(=O)NC3=C2C=C(C=C3)Cl,1
CN(C)CCON=C1C2=CC=CC=C2CCC3=CC=CC=C31,1
C1CN2CCC1C(C2)/C=C/3\C4=CC=CC=C4SC5=C3C=C(C=C5)Cl,1
CC1=CC=CN2C1=NC(=C(C2=O)CCN3CCC(CC3)C4=NOC5=C4C=CC(=C5)F)C,1
C1=CC=NC(=C1)C(=O)C2=C3N=CC=C(N3N=C2)C4=CC=NC=C4,1
CCCCCCC(C)NN,1
CNCCC=C1C2=CC=CC=C2C3CC3C4=CC=CC=C41,1
C1CN(C[C@@H]([C@H]1C2=CC=C(C=C2)F)COC3=CC4=C(C=C3)OCO4)CC(=O)C5=CC=C(C=C5)F,1
CC(C)N1CCOC(C1)C2=CC=C(C=C2)C(F)(F)F,1
C1C2=CC=CC=C2N(C3=CC=CC=C3C1=O)C(=O)N,1
CC(CC1=CC=CC=C1)[N+](C)(CC2=CC=CC=C2)[O-],1
C1C(CN(C1=O)CC(=O)N)O,1
CC12CC([C@H]3C([C@@H]1CC[C@@]2(C(=O)OC)O)CCC(=O)C4C3(C=CC4=O)C)O,1
C1=CC2=C(C=C1O)C(=CN2)CC(C(=O)O)N,1
CN(C)C(=O)COC1C2=CC=CC=C2CCC3=CC=CC=C13,1
CC(C)CCC(=O)CC1C2=CC=CC=C2C(=O)N1C3=NC4=C(C=C3)C=CC(=N4)Cl,1
COC1=CC=C(C=C1)N2C[C@@H](OC2=O)CN3CCC(CC3)(C4=CC5=C(C=C4)OCO5)O,1
C1CC1COC2=CC(=C(C=C2C(=O)NC3CN4CCC3CC4)Cl)N,1
C1CN(CCC1NC(=O)NC(=O)C2=CC=CC=C2)CC3=CC4=CC=CC=C4C=C3,1
CC1OC(OC(O1)C)C,1
C[C@@H]1C[C@H]2[C@@H]3C[C@@H](C4=CC(=O)C=C[C@@]4([C@H]3[C@H](C[C@@]2([C@]1(C(=O)COC(=O)C)O)C)O)C)F,1
CN(CC#C)CC1=CC=CC=C1,1
C1CNC[C@H]([C@@H]1C2=CC=C(C=C2)F)COC3=CC4=C(C=C3)OCO4,1
C1CN(CCC1(C2=CC(=C(C=C2)Cl)C(F)(F)F)O)CCCC(C3=CC=C(C=C3)F)C4=CC=C(C=C4)F,1
CC(C(C)OC(=O)N)C(C)OC(=O)N,1
CCCCCN[C@@]12C=CC(=O)[C@H]3[C@@]14CCN([C@@H]2CC5=C4C(=C(C=C5)O)O3)C,1
C1C(COC(O1)C(Cl)(Cl)Cl)(CO)CO,1
C1CN(CCN1)C2=CC3=CC=CC=C3C(=N2)C4=CC=CC=C4,1
C1CC[C@H]2[C@@H](C1)C(=O)N(C2=O)CCCCN3CCN(CC3)C4=NSC5=CC=CC=C54,1
C(C(COC(C(Cl)(Cl)Cl)O)(COC(C(Cl)(Cl)Cl)O)COC(C(Cl)(Cl)Cl)O)OC(C(Cl)(Cl)Cl)O,1
C1=CC=C(C=C1)CC(=O)NC(=O)N,1
CC1C2CC3=C(C1(CCN2CCC4=CC=CC=C4)C)C=C(C=C3)O,1
CCC(C1=CC=CC=C1)C(=O)NC(=O)N,1
CC1C(OCCN1)C2=CC=CC=C2,1
CC(COC1=CC=CC=C1)NN,1
CN1C(=O)CC(C1=O)C2=CC=CC=C2,1
C1=CC=C(C=C1)OC2=CC=CC=C2C(=O)[O-],1
CCC1(C(=O)NC(=O)N(C1=O)C2=CC=CC=C2)CC,1
C1CN(CCN1CC2=CC=CC=C2)C(=O)C3=CC=CC=N3,1
CCC[C@@]1(CCN(C[C@@H]1C)C)C2=CC(=CC=C2)O,1
CC(=O)NC1=CC=C(C=C1)OC(=O)[C@@H]2CCC(=O)N2,1
C1CNCCC1CCC2=CC(=NC3=CC=CC=C32)C4=CC=CC=C4,1
CC(=O)C1=CC2=C(C=C1)SC3=CC=CC=C3N2CCCN4CCC(CC4)CCO,1
C1CCN(CC1)CCOC(=O)C(C2=CC=CC=C2)(C3=CC=CC=C3)O,1
CN1CCN(CC1)C2=NN=C3C(=C2)N(C4=CC=CC=C4O3)C,1
CCC1=C(NC2=C1C(=O)[C@@H]3CN(CC[C@H]3C2)C)C,1
C1CC(=O)N(C1)CC(=O)N,1
CC1(C2=C(CCO1)CC3=CC=CC=C32)CCN(C)C,1
CC1=CC=CC=C1N2C(=NC3=CC=CC=C3C2=O)/C=C/C4=CC=CC=N4,1
C1CCN(CC1)C2(CCN(CC2)CCC(C#N)(C3=CC=CC=C3)C4=CC=CC=C4)C(=O)N,1
[H+].CC1=CC2=C(C=C1)N3CCNC4C3=C2CCC4.[Cl-],1
CC(C)(C)C(=O)NCCCC(=O)O,1
CC(C)(C)C(=O)OC1C(=O)NC2=C(C=C(C=C2)Cl)C(=N1)C3=CC=CC=C3,1
CC(C)N(CCNC(=O)CN1CCCC1=O)C(C)C,1
C1CCNC(C1)CC2(C(=O)NC(=O)NC2=O)C3=CC=CC=C3,1
CCC(=O)OCC(=O)[C@]1(CC[C@@H]2[C@@]1(C[C@@H]([C@H]3[C@H]2CCC4=CC(=O)C=C[C@]34C)O)C)OC(=O)OCC,1
CCN(CC)CC(=O)OCC(=O)C1(CCC2C1(CC(C3C2CCC4=CC(=O)C=CC34C)O)C)O,1
C[C@]12C[C@@H]([C@H]3[C@H]([C@@H]1CC[C@@]2(C(=O)COC(=O)CC(C)(C)C)O)CCC4=CC(=O)C=C[C@]34C)O,1
CC12CC(C3C(C1CC(=C)C2(C(=O)CO)O)CCC4=CC(=O)C=CC34C)O,1
CC(C)C[C@@H](CC(=O)O)CN,1
CC(=O)C1CCC2C1(CCC3C2CC=C4C3(CCC(C4)OC(=O)CCC(=O)O)C)C,1
[H+].CCN1CCC(=C(C2=CC=CC=C2)C3=CC=CC=C3)C1.[Cl-],1
CC(C)NC(=O)C1=CC=C(C=C1)CNNC,1
CCC(C1CCCCC1)OC(=O)N,1
C1C(=O)N(C2=C(C=C(C=C2)Cl)C(=N1)C3=CC=CC=C3F)CC(CO)O,1
C1=CC(=CC=C1C(=NCCCC(=O)N)C2=C(C=CC(=C2)F)O)Cl,1
CCCC(CC1=CC=CC=C1)N2CCCC2,1
CC(C)C1(OCC(O1)CO)C(C)C,1
CCN(CC)CC(=O)OC1=CC=C(C=C1)NC(=O)C,1
CC(CN1C2=CC=CC=C2NC3=C(C1=O)C=CC=N3)N(C)C,1
CN(C)CCC=C1C2=CC=CC=C2SC3=CC=CC=C31,1
CC(CC1(C(=O)NC(=O)NC1=O)CC=C)O,1
C1CC1CN2CCC34COCCC3C2CC5=C4C=C(C=C5)O,1
CC(CN1C=NC2=C1C(=O)N(C(=O)N2C)C)O,1
CN(C)CCC1=CNC2=C1C(=CC=C2)OP(=O)(O)O,1
C1=CC=C2C(=C1)C=C(O2)C3=CC=NC=C3,1
CC1=NC=C(C(=C1O)CO)CSSCC2=CN=C(C(=C2CO)O)C,1
C1CN(CCN1CCOCCO)C2=NC3=CC=CC=C3SC4=CC=CC=C42,1
C[C@@]12CCN([C@@H]1N(C3=C2C=C(C=C3)OC(=O)N4CCC5=CC=CC=C5C4)C)C,1
CC1(C2CCC1(C(C2)(CC3=CC=CC=C3)OCCN(C)C)C)C,1
C#CCN[C@@H]1CCC2=CC=CC=C12,1
C1CN(C2=C(C=C(C=C2)Cl)C(=N1)C3=CC=CC=C3Cl)C4=NC(=O)CO4,1
CC(CC1=CC=CC=C1)(C2=CC=CC=C2)NC(=O)CN,1
CCC(=O)N(C1=CC=CC=C1)C2(CCN(CC2)CCC(=O)OC)C(=O)OC,1
CCC(=O)C1(CCC2C1(CC(C3C2CCC4=CC(=O)CCC34C)O)C)O,1
CC1(CN(C2=CC=CC=C21)C(=O)NC3C[C@H]4CC[C@@H](C3)N4C)C,1
CN(C)C(=O)C1=NN(C(=N1)CNC(=O)CN)C2=C(C=C(C=C2)Cl)C(=O)C3=CC=CC=C3Cl,1
CC1CN(CC(N1)C)CCCN2C3=CC=CC=C3C4=CC=CC=C42,1
CCC(=O)[C@]1([C@@H](C[C@@H]2[C@@]1(C[C@@H]([C@H]3[C@H]2CCC4=CC(=O)C=C[C@]34C)O)C)C)C,1
CCN(C)C(=O)OC1=CC=CC(=C1)[C@H](C)N(C)C,1
CC(C)OCC(COC(C)C)OCN1C=NC2=CN=C(N=C21)N,1
C1CN=C2CC(CN2C1=O)C3=CC=CC=C3,1
CCC[C@@H]1O[C@@H]2C[C@H]3[C@@H]4C[C@@H](C5=CC(=O)CC[C@@]5([C@]4([C@H](C[C@@]3([C@@]2(O1)C(=O)CO)C)O)F)C)F,1
C1CC(=O)NC1C(=O)NC2CC2C3=CC=CC=C3,1
COC1=C(C=C(C=C1)C2CC(=O)NC2)OC3CCCC3,1
CN1C[C@@H](C=C2[C@H]1CC3=CNC4=CC=CC2=C34)CN5CC(=O)NC(=O)C5,1
C1CN=C(N1)NC2=C(C=CC=C2Br)F,1
CON=C(C#N)C1CN2CCC1CC2,1
C1=CC=C(C(=C1)CO)O[C@H]2[C@@H]([C@H]([C@@H]([C@H](O2)CO)O)O)O,1
C1=CC=C(C(=C1)C(=O)N)O,1
C1=CC=C(C(=C1)C(=O)OC2=CC=CC=C2C(=O)O)O,1
CCCCCCN1CCC(CC1)(C2=CC=CC=C2)C(=O)N(C)CC,1
CCCC(=O)N(C)CC1=C(N=C2N1C=CC=C2)C3=CC=C(C=C3)Cl,1
C[C@H](CC1=CC=CC=C1)N(C)CC#C,1
COCCN1CC[C@]23[C@@H]4C(=O)CC[C@]2([C@H]1CC5=C3C(=C(C=C5)O)O4)O,1
C1CN(CCC1C2=CN(C3=C2C=C(C=C3)Cl)C4=CC=C(C=C4)F)CCN5CCNC5=O,1
CN1CCC2=C(C1)C3=CC=CC=C3CC4=CC=CC=C24,1
C1=CC(=CN=C1)CC2(C3=C(C4=C2C=CC=N4)N=CC=C3)CC5=CC=NC=C5.O,1
CC(C)CC(C1(CCC1)C2=CC=C(C=C2)Cl)N(C)C,1
CN1CCN(CC1)C2=CC=CC=C2CC3=CC=CC=C3,1
CC1=C(C(=CC=C1)C)C(=O)NC2=NOC(=C2)C,1
C1CN(CCC12C(=O)NCN2C3=CC=CC=C3)CCCC(=O)C4=CC=C(C=C4)F,1
C1CN(CCC12C(=O)NCN2C3=CC=CC=C3)CCCOC4=CC=C(C=C4)F,1
C/C(=C/CCN1CCC2(CC1)C(=O)NCN2C3=CC=CC=C3)/C4=CC=C(C=C4)F,1
CN(C)CC1COC2(O1)C3=CC=CC=C3COC4=CC=CC=C24,1
CCN(CC)C(=O)N1CCN(CC1)CCCC2=NC3=C(N2C)C(=O)N(C(=O)N3C)C,1
C1C(C(=O)N(C1=O)C2=C(C=C(C=C2)S(=O)(=O)N)Cl)C3=CC=CC=C3,1
CCS(=O)(=O)C(C)(C)S(=O)(=O)CC,1
CN1CCCC1CNC(=O)C2=C(C=CC(=C2)S(=O)(=O)N)OC,1
CCN1CCCC1CNC(=O)C2=C(C=CC(=C2)S(=O)(=O)CC)OC,1
CC(=O)NC1=CC=C(C=C1)OC(=O)[C@H](CCSC)NC(=O)C,1
CCC(=O)N1CCN(CC1)C(=O)OC2C3=C(C(=O)N2C4=NC5=C(C=C4)C=CC(=N5)Cl)SCCS3,1
CN1CCN(CC1)C(=O)OC2C3=C(C(=O)N2C4=NC5=C(C=C4)C=CC(=N5)Cl)SCCS3,1
CN1C(=NN(C1=S)C)C2=CC(=CC=C2)F,1
C1CC2CC1C3C2C(=O)N(C3=O)C4CCC(=O)NC4=O,1
CC1(C2=CC=CC=C2C(O1)(CCCNC)C3=CC=CC=C3)C,1
CC1(C2=CC=CC=C2C(S1)(CCCNC)C3=CC=CC=C3)C,1
CC(C)NS(=O)(=O)CCN1C(=O)C2=CC=CC=C2C1=O,1
CNC1CCC(C2=CC=CC=C12)C3=CC=CC=C3,1
COC1=C(C=C(C=C1)C(CN2CCN(CC2)C(C3=CC=CC=C3)C4=CC=CC=C4)O)OC,1
CN(C)CCCN1C2=CC=CC=C2C(=NC3=C1N=CC=C3)C4=CC=CC=C4,1
CCN1C2=CC=CC=C2C3=C1C(SCC3)(C)CCN(C)C,1
C1C[C@H]2C[C@@H]1[C@H]3[C@@H]2C(=O)N(C3=O)CCCCN4CCN(CC4)C5=NC=CC=N5.C(C(=O)O)C(CC(=O)O)(C(=O)O)O,1
CC1=NC(=NO1)C2=CN3C4=C(CCCC4)C(=NC3=N2)OC,1
C1CN(CCN1CCO)[C@@H]2C[C@H](C3=C2C=C(C=C3)C(F)(F)F)C4=CC=C(C=C4)F,1
C1CN(CCN1CCCC2C3=C(C=C(C=C3)F)SC4=C2C=C(C=C4)C(F)(F)F)CCO,1
C1CNC(=O)C(N1)C2=CC=CS2,1
CCCN1CCC(=CC1)C2=CNC3=C2C=C(C=C3)Cl,1
CCN(CC)C(=O)N[C@H]1C[C@H]2[C@@H](CC3=CNC4=CC=CC2=C34)N(C1)C,1
CCCC(CC)C1(C(=O)NC(=O)NC1=O)CC,1
C1CC2(CC3=CC=CC=C31)C(=O)NC(=O)N2,1
C1CC(=O)NC(=O)C1N2C(=O)C3=CC=CC=C3C2=O,1
CC(=O)OC1=CCC2C3CC4=C5C2(C1OC5=C(C=C4)OC)CCN3C,1
C=CCC1(C(=O)NC(=S)NC1=O)C2CCCC=C2,1
CCCC(C)C1(C(=O)NC(=S)NC1=O)CC=C,1
CN(C)CCN1C(=O)CC(SC2=CC=CC=C21)C3=CC=CC=C3,1
CC(=O)OCCN1CCN(CC1)CCCN2C3=CC=CC=C3SC4=C2C=C(C=C4)Cl,1
CN1CCN(CC1)CCCN2C3=CC=CC=C3SC4=C2C=C(C=C4)S(=O)(=O)N(C)C,1
CN(C)C1=NC(=O)C(O1)C2=CC=CC=C2,1
CC1=C(SC=C1)C(=CCCN2CCC[C@H](C2)C(=O)O)C3=C(C=CS3)C,1
CN1C2=CC=CC=C2C(C3=C(S1(=O)=O)C=C(C=C3)Cl)NCCCCCCC(=O)O,1
CC1=CSC2=C1C3=C(C=C2)NC4=C3CN(CC4)C,1
[H+].CCOC(=O)C1(CCC=CC1N(C)C)C2=CC=CC=C2.[Cl-],1
CN1CCN2C(C1)CN=C(C3=C2C=C(C=C3)F)C4=CC=CS4,1
C1CN(CCC1N2C3=CC=CC=C3NC2=S)CCCC(=O)C4=CC=C(C=C4)F,1
C1CSC(=N)N1C2=C(C=C(C=C2)Cl)N,1
C[C@H]1C[C@H]2[C@@H]3CCC4=CC(=O)C=C[C@@]4(C3([C@H](C[C@@]2(C1(C(=O)SC)OC(=O)C)C)O)F)C,1
CN1CC(C=C2C1CC3=CNC4=CC=CC2=C34)CSC5=CC=CC=N5,1
CCCSC1=CC=CC=C1N2CCN(CC2)CCCCN3C(=O)C4=CC=CC=C4NC3=O,1
C1CCC2(C1)CC(=O)N(C(=O)C2)CCCCN3CCN(CC3)C4=NSC5=CC=CC=C54,1
CCS[C@@]1(CC[C@@H]2[C@@]1(C[C@@H]([C@]3([C@H]2CCC4=CC(=O)C=C[C@@]43C)F)O)C)SC,1
CC(CC1=CC=CC=C1)NCCC2C3=CC=CC=C3SC4=CC=CC=C24,1
C[C@]12CCC(=O)C=C1CC[C@@H]3[C@@H]2[C@H](C[C@]4([C@H]3CC[C@@]4(C(=O)CS)O)C)O,1
C[C@]12CCC(=O)C=C1CC[C@@H]3[C@@H]2[C@H](C[C@]4([C@H]3CC[C@@]4(C(=O)CSC(=O)C(C)(C)C)O)C)O,1
CC1=CC=CC=C1C(C2=CC=CC=C2)OCCNC,1
CCC1C(=NN=C(C2=CC(=C(C=C12)OC)OC)C3=CC(=C(C=C3)OC)OC)C,1
CC1=CC=CC=C1OCC(COC(C(Cl)(Cl)Cl)O)OC(C(Cl)(Cl)Cl)O,1
CC1=CC(=CC=C1)N2CCN(CC2)CCC3=NNC(=C3)C,1
CCC1(CCN2CCC3=C(C2C1)C=C(C=C3)C)O,1
CC1=CC=C(C=C1)S(=O)(=O)CCN2C(=O)CN=C(C3=C2C=CC(=C3)Cl)C4=CC=CC=C4Cl,1
CCCCCC(=O)CC[C@@]1([C@@H]2CC3=C([C@]1(CCN2C)C)C=C(C=C3)O)C,1
CC1(O[C@@H]2CC3C4C[C@@H](C5=CC(=O)C=CC5([C@]4([C@H](CC3([C@@]2(O1)C(=O)CF)C)Cl)Cl)C)F)C,1
[H+].CN(C)C[C@H]1CCCC[C@@]1(C2=CC(=CC=C2)OC)O.[Cl-],1
CC1C(CC2=CC=CC=C2O1)N(C)C,1
[H+].CCC(=O)N(C1=CC=CC=C1F)C2(CCN(CC2)CCN3C(=O)N(N=N3)CC)C4=CC=CC=C4.[Cl-],1
CC(CNC(=O)C1=CC=CC=C1)C(=O)OCC(=O)[C@@]23[C@@H](C[C@@H]4[C@@]2(C[C@@H]([C@]5([C@H]4CCC6=CC(=O)C=C[C@@]65C)F)O)C)OC(O3)(C)C,1
C[C@]12C[C@@H]([C@]3([C@H]([C@@H]1C[C@@H]4[C@]2(OC(O4)(C)C)C(=O)COC(=O)C5=CC6=CC=CC=C6O5)CCC7=CC(=O)C=C[C@@]73C)F)O,1
C(C(O)(Br)Br)Br,1
CCN(CC)C(=O)CNC(=O)C1=CC(=C(C(=C1)OC)OC)OC,1
C1NC(C(=O)N1C(C(Cl)(Cl)Cl)O)(C2=CC=CC=C2)C3=CC=CC=C3,1
C(C(Cl)(Cl)Cl)OP(=O)(O)O,1
CC1(O[C@@H]2C[C@H]3C4C[C@@H](C5=CC(=O)C=CC5([C@]4([C@H](CC3([C@@]2(O1)C(=O)CCl)C)Cl)Cl)C)F)C,1
COC1=CC(=CC(=C1OC)OC)C(=O)N2CCCCCCC2,1
C1=CC=C2C(=C1)C(=CN2)C[C@@H](C(=O)O)N,1
C=CCONC1=NC2=C(C=C(C=C2)Cl)C(=NC1)C3=CC=CC=C3Cl,1
CCCCN1C(=O)C2C(=O)N(C(=O)C(C1=O)C2(C)C)CCCCN3CCN(CC3)C4=CC=CC=C4OC,1
CCOC(=O)N,1
CC(C)[C@@H](C(=O)OCCOCN1C=NC2=C1N=C(NC2=O)N)N,1
CCCC(CCC)(CCC)C(=O)N,1
CC(C)[C@@H](C(=O)OCC(CO)OCN1C=NC2=C1N=C(NC2=O)N)N,1
CCCC(CCC)C(=O)OCOC(=O)C(C)(C)C,1
CC(C)CC(=O)O[C@H]1C=C2[C@@H]([C@@]13CO3)[C@@H](OC=C2COC(=O)C)OC(=O)CC(C)C,1
C1CC(C2=C(C3=CC=CC=C3N=C2C1)N)O,1
CN(C)CC(C1=CC=C(C=C1)OC)C2(CCCCC2)O,1
COC1=CC(=CC(=C1OC)C(=O)NCC2CCCN2CC=C)S(=O)(=O)N,1
C=CC(CCC(=O)O)N,1
CCOC1=CC=CC=C1OCC2CNCCO2,1
C1CN(CC=C1C2=CC(=CC=C2)C(F)(F)F)CCC3=CC4=CC=CC=C4C=C3,1
C1CN(CCN1CCCC2C3=CC=CC=C3SC4=C2C=C(C=C4)Cl)CCCO,1
C[C@H]1CC(=C)C[C@@]23[C@@H]1[C@@H](CC4=C2C=C(C=C4)O)N(CC3)CC5CCC5,1
CC1=C(C(=CC=C1)C)NC2=NCCCS2,1
CC(C)C(CCCCCC(=O)O)NCC1=CC=C(C=C1)F,1
C1CN(CCN1CCCCN2C(=O)[C@@H]3[C@@H]4C=C[C@H]([C@@H]3C2=O)[C@@H]5[C@H]4C=C5)C6=NC=CC=N6,1
COC1=CC=CC=C1N2CCN(CC2)CCC3=C(NC(=O)O3)C4=CC=C(C=C4)F,1
CC(C1=NOC2=C1C=C(C=C2)Cl)N3C=CN=C3,1
CN1CCN(CC1)C(=O)OC2C3=NC=CN=C3C(=O)N2C4=NC=C(C=C4)Cl,1
CN(C)CCOC1=CC2=CC=CC=C2SC3=C1C=C(C=C3)Cl,1
CCN[C@H](CC1=CC=CC=C1)[C@H]2CCCO2,1
CC(CN1C2=CC=CC=C2SC3=C1C=C(C=C3)C(=O)C)N(C)C,1
CN(C)CC1=NN=C2N1C3=C(C=C(C=C3)Cl)C(=NC2)C4=CC=CC=C4,1
C[C@@H]1C[C@H]2[C@@H]3[C@@H](CC4=CC(=O)C=C[C@@]4([C@H]3[C@H](C[C@@]2([C@]1(C(=O)CO)O)C)O)C)Cl,1
C=CCC(CC1=CC=CC=C1)N,1
CC(=O)[C@]1([C@@H](C[C@@H]2[C@@]1(CC[C@H]3[C@H]2CCC4=CC(=O)CC[C@]34C)C)O)O,1
CC(CN1C2=CC=CC=C2SC3=CC=CC=C31)CN(C)C,1
CCOC(=O)C1=C(C2=CC(=C(C=C2N1)OC)OC)CCN3CCN(CC3)C4=CC=CC=C4,1
CCC(=O)OC1(CCN(CC1C)C)C2=CC=CC=C2,1
CCCN(CCC)C(=O)CC1=C(N=C2N1C=C(C=C2)Cl)C3=CC=C(C=C3)Cl,1
CCCC(=O)O[C@@]1(CC[C@@H]2[C@@]1(C[C@@H]([C@H]3[C@H]2C[C@@H](C4=CC(=O)CC[C@]34C)C)O)C)C(=O)COC(=O)C,1
CC1(C2=CC=CC=C2N(C1=O)C3=CC=CC=C3)CCCNC,1
CCN1C=C(C(=O)C2=C1N=C(C=C2)CC3=CC=CC=C3)C(=O)O,1
CC1=C(C=CC(=C1)N(C)C)C[C@H](C)N.[C@@H]([C@H](C(=O)O)O)(C(=O)O)O,1
CCC1(CCC(=O)NC1=O)C2=CC=C(C=C2)N,1
CN(C)CC(CN1C2=CC=CC=C2SC3=CC=CC=C31)N(C)C,1
CN(C)C(=O)C1(CCN(CC1)CCCC(=O)C2=CC=C(C=C2)F)C3=CC=C(C=C3)Cl,1
C1CN(CCN1)C2=NC3=CC=CC=C3OC4=C2C=C(C=C4)Cl,1
COC1=CC=CC=C1N2CCN(CC2)CCCC(C3=CC=C(C=C3)F)O,1
CN1CCN2C(C1)C3=CC=CN3CC4=CC=CC=C42.C(=C\C(=O)O)\C(=O)O,1
CCOC(=O)N1CCC(=O)N(C2=C1C=CC(=C2)Cl)C3=CC=CC=C3,1
CC1=C(C(=O)OC2=C1C=CC(=C2)OCC3=NN=C(S3)C(C)C)C,1
C1COCCN1CCNC2=NN=C(C=C2C#N)C3=CC=CC=C3,1
CCC(=O)OCC(=O)[C@]1([C@H](C[C@@H]2[C@@]1(C[C@@H]([C@]3([C@H]2CCC4=CC(=O)C=C[C@@]43C)Cl)O)C)C)OC(=O)CC,1
C1CN(CCN1CC2=CC=CC=C2)C(=O)C3=CC4=CC=CC=C4O3,1
CC1=C2C(=CC=C1)[C@@H]3CN(CC[C@@]3(C4=CC=CC=C4O2)O)C,1
CC(C1=CC=CC=C1)NNC(=O)C2=CC=CC=C2,1
CCC1(C(=O)NC(=O)N(C1=O)C(=O)C2=CC=CC=C2)C3=CC=CC=C3,1
C1CN2CCC1C(C2)OC(=O)C3=CC=CC=C3,1
CNCC12CCC(C3=CC=CC=C31)C4=CC=CC=C24,1
CC(CC1=CC=CC=C1)N(C)CC2=CC=CC=C2,1
CCC(C(CC(C)N(C)C)(C1=CC=CC=C1)C2=CC=CC=C2)O,1
C[C@H]1C[C@H]2[C@@H]3CCC4=CC(=O)C=C[C@@]4([C@]3([C@H](C[C@@]2([C@]1(C(=O)COC(=O)C)OC(=O)C(C)C)C)O)F)C,1
C[C@H]1C[C@H]2[C@@H]3CCC4=CC(=O)C=C[C@@]4([C@]3([C@H](C[C@@]2([C@]1(C(=O)COC(=O)C)O)C)O)F)C,1
CCC(=O)OCC(=O)[C@]1([C@H](C[C@@H]2[C@@]1(C[C@@H]([C@]3([C@H]2CCC4=CC(=O)C=C[C@@]43C)F)O)C)C)OC(=O)CC,1
[H+].CNCCCCOC1=CC=CC=C1CC2=CC=CC=C2.[Cl-],1
CN(C)CCN(C)N1C=C(C2=CC=CC=C21)C3=CC=CC=C3,1
C=CCC1(C(=O)NC(=O)NC1=O)CC(=C)Br,1
CCN1C(=O)N(N=N1)CCN2CC[C@@H]([C@@H](C2)C)N(C3=CC=CC=C3F)C(=O)COC,1
COC1=CC(=C2C(=C1)C=C(O2)C3CCNCC3)Br,1
CN(C)C(=O)CCNC1=CC=C(C=C1)Br,1
CN(C)CCOC(C1=CC=CC=C1)C2=CC=C(C=C2)Br,1
CCN(CC)CCNC(=O)C1=CC(=C(C=C1OC)N)Br,1
CCCC1O[C@@H]2C[C@H]3[C@@H]4CCC5=CC(=O)C=C[C@@]5([C@H]4[C@H](C[C@@]3([C@@]2(O1)C(=O)CO)C)O)C,1
CC(C)(C)N1CCC(CC1)(C2=CC=CC=C2)C3=CC=CC=C3,1
CC(C)(C)C1=CC=CC=C1C(C2=CC=CC=C2)OCCN(C)C,1
CC(C)CC1(C(=O)NC(=O)NC1=O)CC=C,1
CCCCNCC1COC2=CC=CC=C2O1,1
CC(CC1C2=CC=CC=C2CCC3=CC=CC=C13)CN(C)C,1
CCOC(=O)NNC(C)C1=CC=CC=C1,1
CCOC(=O)NC(C(Cl)(Cl)Cl)O,1
CCC(CC)(C(=O)NC(=O)N)Br,1
CCC(=O)N(C1=CC=CC=C1)C2(CCN(CC2)CCC3=CC=CC=C3)C(=O)OC,1
C1CN(CC2=C1NC3=C2C=C(C=C3)F)CCC4=CC=NC=C4,1
[H+].CC(CC1=CC(=C(C=C1)Cl)Cl)(CO)N(C)C.[Cl-],1
CN1CCN(CC1)C(C2=CC=CC=C2)C3=CC=C(C=C3)Cl,1
CCCC(O)Cl,1
CC(=O)OCC(=O)[C@]1(CC[C@@H]2[C@@]1(CC(=O)[C@H]3[C@H]2C[C@@H](C4=CC(=O)C=C[C@]34C)Cl)C)O,1
CO[C@H]1[C@@H](C[C@@H]2CN3CCC4=C([C@H]3C[C@@H]2[C@@H]1C(=O)OC)NC5=C4C=C(C=C5)Cl)OC(=O)C6=CC(=C(C(=C6)OC)OC)OC,1
C1=CC(=CC=C1OCC(COC(=O)N)O)Cl,1
CC(C1=CC=CC=C1)(C2=CC=C(C=C2)Cl)OCCN(C)C,1
C1=CC=C2C(=C1)C(=O)NC(O2)CCCl,1
CN(C)CCCN1C2=CC=CC=C2CCC3=C1C=C(C=C3)C#N,1
C1CN=C2C(C3=CC=CC=C3N2C1)(C4=CC(=CC=C4)Cl)O,1
CNC1CCN2C3=CC=CC=C3CCC4=C2C1=CC=C4,1
CN(C)CCC=C1C2=CC=CC=C2COC3=CC=CC=C31,1
COC1=C(C=C(C=C1)[C@@H](CN2CCN(CC2)C3=CC=CC=CC3=O)O)OC,1
CN(CCOC(C1=CC=CC=C1)C2=CC=CC=C2)C/C=C/C3=CC=CC=C3,1
CCOC1=CC(=C(C=C1C(=O)NC2CCN(CC2)CC3CCC=CC3)[N+](=O)[O-])N,1
C1CN(CCC1C2(CCC(=O)NC2=O)C3=CC=CC=C3)C/C=C/C4=CC=CC=C4,1
CCNC(=O)/C=C/C1=CC(=CC=C1)Br,1
COC1=CC(=CC(=C1OC)OC)/C=C/C(=O)N,1
C1CN(CCN1CCCC(=O)C2=CC=C(C=C2)F)C3=CC4=CC=CC=C4C=N3,1
C1=CC=C2C(C3=CC=CC=C3C=CC2=C1)C(=O)N,1
CN1C(=O)CN2CCC3=CC=CC=C3C2C4=C1C=CC(=C4)Cl,1
CN(C)CC(C(C1=CC=CC=C1)C2=CC=C(C=C2)Cl)O,1
CC1=NC=C2N1C3=C(C=C(C=C3)Cl)C(=NC2)C4=CC=CC=C4Cl,1
CC1CC2C3CCC4=CC(=O)C=CC4([C@]3(C(CC2([C@]1(C(=O)CCl)O)C)O)F)C,1
CCC(=O)O[C@@]1([C@H](C[C@@H]2[C@@]1(C[C@@H]([C@]3([C@H]2CCC4=CC(=O)C=C[C@@]43C)F)O)C)C)C(=O)CCl,1
CCN(CC)CCNC(=O)COC1=CC=C(C=C1)Cl,1
CN(C)CCCC1C2=CC=CC=C2NC3=C1C=C(C=C3)Cl,1
CN1CCC(=C2C3=CC=CC=C3OC4=C2C=C(C=C4)Cl)CC1,1
CN1CCN(CC1)C2=NC3=CC=CC=C3SC4=C2C=C(C=C4)Cl,1
COCCCC/C(=N\OCCN)/C1=CC=C(C=C1)Cl,1
C1COC2(N1CC(=O)NC3=C2C=C(C=C3)Cl)C4=CC=CC=C4Cl,1
C1CN(CCN1CCCN2C3=CC=CC=C3SC4=C2N=CC(=C4)Cl)CCO,1
CC1CC2C3CC(C4=CC(=O)C=CC4(C3(C(CC2(C1(C(=O)COC(=O)C)O)C)O)F)C)(F)F,1
CCCN(C(CC)C(=O)N(C)C)C(=O)/C=C/C,1
CC(CN1C2=CC=CC=C2SC3=C1C=C(C=C3)C#N)CN(C)C,1
C1CC1N=C2NC(=O)C(O2)C3=CC=CC=C3,1
C1CC(C(C1)N)C2=CC=CC=C2,1
C1CC1CN=C2CN(C(=C3C=C(C=CC3=N2)Cl)C4=CC=CC=C4)O,1
CN1CCCC2=C1C(=CC=C2)OCC3CNCCO3,1
CC1(CN(C2=CC=CC=C21)C3=CC=CC=C3)CCCNC,1
CN(C)CC1=CC2=CC=CC=C2SC3=CC=CC=C31,1
CN1CCC(=C2C3=CC=CC=C3C(C4=CC=CC=C42)O)CC1,1
CN(C)[C@@H](CCOC1=CC=CC2=CC=CC=C21)C3=CC=CC=C3,1
[H+].CCC(=O)O[C@](CC1=CC=CC=C1)(C2=CC=CC=C2)[C@H](C)CN(C)C.[Cl-],1
CC1=NC2=CC=CC=C2CC(N1C)C3=CC=CC=C3,1
C1CN(CCC1C(=O)C2=CC=C(C=C2)F)CCCN3C4=CC=CC=C4NC3=O,1
CC1=N[C@@]2([C@H](O1)C[C@@H]3[C@@]2(C[C@@H]([C@H]4[C@H]3CCC5=CC(=O)C=C[C@]45C)O)C)C(=O)COC(=O)C,1
CN1C[C@H](CC2[C@H]1CC3=CNC4=CC=CC2=C34)CC#N,1
C1C(=O)NC2=C(C=C(C=C2)Cl)C(=N1)C3=CC=CC=C3Cl,1
CNCCON=C1C2=CC=CC=C2C=CC3=CC=CC=C31,1
CN(C)CCCN1C2=CC=CC=C2C=CC3=CC=CC=C31,1
C(C(F)(F)F)(OC(F)F)F,1
CN1CCC23C4C1CC5=C2C(=C(C=C5)O)OC3CCC4,1
CC(C)[C@]1(CCN2C[C@@H]3C4=CC=CC=C4CCC5=C3C(=CC=C5)[C@H]2C1)O,1
CN1CC[C@@]23CCCC[C@@H]2[C@@H]1CC4=C3C=C(C=C4)O,1
C1C(CN1C(=O)N)OC2=CC=CC(=C2)C(F)(F)F,1
CC12CCCCCC(C1N)CC3=C2C=C(C=C3)O,1
CC(=O)OC1C=CC2C3CC4=C5C2(C1OC5=C(C=C4)OC(=O)C)CCN3CC=C,1
CN1C2=CC=CC=C2C(=O)N(C3=CC=CC=C31)CCN(C)C,1
CC1=CC2=C(C=C1)NC3C2CN(CC3)C,1
CN1C(S(=O)(=O)CCC1=O)C2=CC(=C(C=C2)Cl)Cl,1
CN1CC(C2=C(C1)C=C(C=C2)OC)C3=CC(=C(C=C3)Cl)Cl,1
CCN(CC)CCN1C2=CC=CC=C2SC3=CC=CC=C31,1
C1COCCN1CCOC(C2=CC=CC=C2)C3=CC=C(C=C3)Cl,1
C[C@H]1C[C@H]2[C@@H]3C[C@@H](C4=CC(=O)C=C[C@@]4([C@]3([C@H](C[C@@]2([C@]1(C(=O)COC(=O)C)OC(=O)C)C)O)F)C)F,1
CCCC(=O)O[C@@]1(CC[C@@H]2[C@@]1(C[C@@H]([C@]3([C@H]2C[C@@H](C4=CC(=O)C=C[C@@]43C)F)F)O)C)C(=O)COC(=O)C,1
CC1=CC2=C(C[C@H]3[C@@H]4[C@]2(CCCC4)CCN3C)C=C1,1
CN(C)CC/C=C/1\C2=CC=CC=C2OC3=C1C=C(C=C3)OC,1
C[C@@H]1C[C@H]2[C@@H]3CCC4=CC(=O)C=C[C@@]4([C@]3([C@H](C[C@@]2([C@@]1(C)C(=O)CO)C)O)F)C,1
CC1(C2=CC=CC=C2N(C3=CC=CC=C31)CCCN(C)C)C,1
CC(=C)CNCC(=O)N(C)C1=C(C=C(C=C1)Cl)C(=O)C2=CC=CC=C2,1
C1=CC=C(C=C1)C2C3=CC=CC=C3N(C2=O)CC(=O)N,1
[H+].CN(C)CC/C=C\1/C2=CC=CC=C2CSC3=CC=CC=C31.[Cl-],1
C1=CC=C(C(=C1)C2=NC(C(=O)N(C3=C2C=C(C=C3)Cl)CCO)O)F,1
C1NC(=O)C(N1)(C2=CC=CC=C2)C3=CC=CC=C3,1
C[C@H]1C[C@H]2[C@@H]3CCC4=CC(=O)C=C[C@@]4([C@]3([C@H](C[C@@]2([C@]1(C(=O)C)O)C)O)F)C,1
CC1(O[C@@H]2C[C@H]3C4CCC5CC(=O)CCC5([C@]4([C@H](CC3([C@@]2(O1)C(=O)CO)C)O)F)C)C,1
CN(C1=C(C=C(C=C1)Cl)C(=O)C2=CC=CC=C2Cl)C(=O)CN(CCO)CCO,1
CN1C=C(C=N1)CCN2CCN(CC2)C3=CC=CC=C3Cl,1
CN(C)CCCN1CC2=CC=CC=C2C(=C)C3=CC=CC=C31,1
C1COCCN1CCCNC(=O)C2=CC=C(C=C2)Cl,1
CC12CCN(CC(C1)CC3=C2C=C(C=C3)O)C,1
CCC1(C(=O)N(C(=O)N(C1=O)COC)COC)C2=CC=CC=C2,1
CCN1C(=O)C(NC1=O)C2=CC=CC=C2,1
CCOC(=O)C1C(=O)NC2=C(C=C(C=C2)Cl)C(=N1)C3=CC=CC=C3F,1
CCC1=CC2=C(S1)N3C(=NN=C3CN=C2C4=CC=CC=C4Cl)C,1
CNC1CCC2=C(C1)SC=N2,1
CCC(CC1=CNC2=CC=CC=C21)N,1
C1=CC=C(C=C1)CCNC(=O)CCCl,1
C1=CC=C(C(=C1)C2=NN=CO2)O,1
C1CN(C2=C(C=C(C=C2)Cl)C(=N1)C3=CC=CC=C3F)CC(F)(F)F,1
COC1=CC=CC=C1N2CCN(CC2)CCCC(=O)C3=CC=C(C=C3)F,1
CN(C)C1CCC2=C(C1)C3=C(N2)C(=CC(=C3)F)F,1
C#CC1(CCCCC1)OCC(CN2CCN(CC2)C3=CC=C(C=C3)F)O,1
CN1C(=O)CN=C(C2=C1C=CC(=C2)Cl)C3=CC=CC=C3F,1
C[C@@H]1C[C@H]2[C@@H]3C[C@@H](C4=CC(=O)C=C[C@@]4([C@]3([C@H](C[C@@]2([C@]1(C(=O)CO)O)C)O)F)C)F,1
C[C@@H]1C[C@H]2C3C[C@@H](C4=CC(=O)C=CC4([C@]3([C@H](CC2([C@]1(C(=O)COC(=O)C(C)(C)C)O)C)O)F)C)F,1
C[C@]12C[C@@H]([C@H]3[C@H](C1C[C@@H]4[C@]2(OC(O4)(C)C)C(=O)CO)C[C@@H](C5=CC(=O)C=CC35C)F)O.C[C@]12C[C@@H]([C@H]3[C@H](C1C[C@@H]4[C@]2(OC(O4)(C)C)C(=O)CO)C[C@@H](C5=CC(=O)C=CC35C)F)O.O,1
CC(=O)OCC(=O)[C@@]12[C@@H](CC3C1(CC([C@H]4C3C[C@@H](C5=CC(=O)C=CC45C)F)O)C)OC(O2)(C)C,1
C[C@]12C[C@@H]([C@]3([C@H]([C@@H]1C[C@H]([C@@]2(C(=O)CO)O)O)C[C@@H](C4=CC(=O)C=C[C@@]43C)F)F)O,1
C[C@]12C[C@@H]([C@]3([C@H]([C@@H]1C[C@@H]4[C@]2(OC(O4)(C)C)C(=O)CO)C[C@@H](C5=CC(=O)C=C[C@@]53C)F)F)O,1
CCCCOC(=O)C(=O)[C@H]1[C@@H](C[C@@H]2[C@@]1(C[C@@H]([C@H]3[C@H]2C[C@@H](C4=CC(=O)C=C[C@]34C)F)O)C)C,1
C[C@@H]1C[C@H]2[C@@H]3C[C@@H](C4=CC(=O)C=C[C@@]4([C@H]3[C@H](C[C@@]2([C@H]1C(=O)CO)C)O)C)F,1
C[C@H]1C[C@H]2[C@@H]3CC[C@@]([C@]3(C[C@@H]([C@@]2([C@@]4(C1=CC(=O)C=C4)C)F)O)C)(C(=O)C)O,1
CN1CCN(CC1)C2=NC3=C(CC4=CC=CC=C42)C=CC(=C3)F,1
C[C@@H](C(=O)[C@]1(CC[C@@H]2[C@@]1(C[C@@H]([C@]3([C@H]2CCC4=CC(=O)C=C[C@@]43C)F)O)C)O)OC(=O)C,1
C[C@]12CC([C@]3([C@H]([C@@H]1CC(=C)[C@@]2(C(=O)CO)O)CCC4=CC(=O)C=C[C@@]43C)F)O,1
C[C@]12C[C@@H]([C@H]3[C@H]([C@@H]1CC[C@@]2(C(=O)CO)O)C[C@@H](C4=CC(=O)C=C[C@]34C)F)O,1
CCCCC(=O)O[C@@]1(CCC2C1(CC(C3C2CC(C4=CC(=O)C=CC34C)F)O)C)C(=O)CO,1
CNCCSC1=CC2=C(C=CC(=C2)F)OC3=CC=CC=C31,1
C[C@]12CCC(=O)C=C1[C@H](C[C@@H]3[C@@H]2[C@H](C[C@]4([C@H]3C[C@@H]5[C@]4(OC(O5)(C)C)C(=O)CO)C)O)F,1
C1CN(CCC12C(=O)NCN2C3=CC=C(C=C3)F)CCCC(=O)C4=CC=C(C=C4)F,1
C1CC1CN2C(=O)CN=C(C3=C2C=CC(=C3)Cl)C4=CC=CC=C4F,1
CC(CC1=CC=CC=C1)N(C)CC2=CC=CO2,1
CN1CC[C@@]23C=C[C@@H](C[C@@H]2OC4=C(C=CC(=C34)C1)OC)O,1
CN(C)CCC(C1CCCCC1)C2=CC=CC=C2,1
C1=CC=C(C=C1)OCCCN=C(N)N,1
C1C(=O)N(C2=C(C=C(C=C2)Cl)C(=N1)C3=CC=CC=C3)CC(F)(F)F,1
C[C@@H]1CC2[C@@H]3C[C@@H](C4=CC(=O)C(=C[C@@]4([C@]3([C@H](C[C@@]2([C@]1(C(=O)CO)O)C)O)F)C)Cl)F,1
CCC1(C(=O)NC(=O)NC1=O)C2=CCCCCC2,1
CN1CCC(CC1)OC2C3=CC=CC=C3CCC4=CC=CC=C24,1
CN1CCCN(CC1)C(C2=CC=CC=C2)C3=CC=C(C=C3)Cl,1
C1CN(CCN(C1)CCO)CCCN2C3=CC=CC=C3SC4=C2C=C(C=C4)C(F)(F)F,1
CC(=O)OCC(=O)[C@]1(CC[C@@H]2[C@@]1(C[C@@H]([C@H]3[C@H]2CCC4=CC(=O)CC[C@]34C)O)C)O,1
CCCC(=O)O[C@@]1(CC[C@@H]2[C@@]1(C[C@@H]([C@H]3[C@H]2CCC4=CC(=O)CC[C@]34C)O)C)C(=O)COC(=O)CC,1
CCCC(=O)O[C@@]1(CC[C@@H]2[C@@]1(C[C@@H]([C@H]3[C@H]2CCC4=CC(=O)CC[C@]34C)O)C)C(=O)CO,1
CN1CC[C@]23[C@@H]4[C@H]1CC5=C2C(=C(C=C5)O)O[C@H]3C(=O)CC4,1
CCOC(=O)C1(CCN(CC1)C)C2=CC(=CC=C2)O,1
CCCC(=O)O[C@@]1([C@@H](C[C@@H]2[C@@]1(C[C@@H]([C@]3([C@H]2CCC4=CC(=O)C=C[C@@]43C)Cl)O)C)C)C(=O)COC(=O)C,1
CCC1(C(=O)NC(=O)CN1)C2=CC=CC=C2,1
C1CNCCC1CCC2=CNC3=CC=CC=C32,1
CN(C)CC#CC=C1C2=CC=CC=C2C=CC3=CC=CC=C31,1
CN(C)CCCN1C2=C(CCCCCC2)C3=CC=CC=C31,1
CC(C)NNC(=O)C1=CC=NC=C1,1
CCC(=O)C(C1=CC=CC=C1)(C2=CC=CC=C2)C(C)CN(C)C,1
CC12CCC(=O)C=C1C=CC3C2C(CC4(C3CC(=C)[C@@]4(C(=O)CO)O)C)O,1
CCN(CC)C(C)CN1C2=CC=CC=C2SC3=CC=CC=C31,1
CN(C)CCCN1C2=CC=CC=C2CC(=O)C3=CC=CC=C31,1
C1CC(=O)C[C@@]23[C@@H]1[C@@H](CC4=C2C(=CC=C4)O)N(CC3)CC5CC5,1
CNC[C@@H](CC12CCC(C3=CC=CC=C31)C4=CC=CC=C24)O,1
CCO[C@H]1CCN(C1)C(=O)C2=C3C4=C(CCN3C(=O)C(=C2)C5=CC=CC=C5)C=CC(=C4)Cl,1
C1CNCCC1OCC2=CC3=CC=CC=C3C=C2,1
C1CN(CCC1O)C2=NN=C(C=C2)C3=CC=CC=C3Cl,1
C1CN(CCN1C/C=C/C2=CC=CC=C2)C3=NN=C(C=C3)Cl,1
C1=CC(=C(C=C1Cl)Cl)/C(=C/N2C=NC=N2)/Cl,1
CN1C[C@@H]2CC3=C(C=C(C=C3)Cl)[C@H]([C@@H]2C1)C4=CC=CC=C4,1
CN1CCC2=C(CC1)C3=CC=CC=C3OC4=CC=CC=C24,1
CC(C)OC1=CC=CC=C1N2CCN(CC2)CC3=CC(=CC=C3)C(=O)N4CCCCC4.C(CC(=O)O)C(=O)O,1
CN(C)CC(OC1=CC=CC=C1)OC2=CC=CC=C2,1
COC1=C(C=C(C=C1)CCN2CCN(CC2)C3=CC(=CC=C3)Cl)OC,1
CN1C(=O)CN=C(C2=C1C=CC(=C2)[N+](=O)[O-])C3=CCCCC3,1
CCC1(C(=O)N(C(=O)N1)C)C2=CC=CC=C2,1
CCC1(C(=O)NC(=O)N(C1=O)C)C2=CC=CC=C2,1
CC1=CC(=NN1)CCN2CCN(CC2)C3=CC(=CC=C3)Cl,1
C[C@H]1C[C@H]2[C@@H]3CCC4=CC(=O)C=C[C@@]4([C@H]3C(=O)C[C@@]2([C@]1(C(=O)CO)O)C)C,1
CN1C(CN=C(C2=C1C=CC(=C2)Br)C3=CC=CC=C3Cl)COC,1
CC(C(=O)C1=CC=CC=C1)N(C)C,1
CNC1CC2=CC=CC=C2N(C3=CC=CC=C13)C,1
CC1=CC(=CC(=C1)OCC2CNC(=O)O2)C,1
CC1C2CC3=C(C1(CCN2C)C)C=C(C=C3)O,1
CCC1(C(=O)NC(=O)N1C)C2=CC=CC=C2,1
CC1(NC(=O)C(O1)/C=C/C2=CC=CC=C2)C,1
CC(CN1C2=CC=CC=C2SC3=C1C=C(C=C3)SC)CN(C)C,1
CC1(CC(=O)N(C1=O)C)C2=CC=CC=C2,1
C[C@H]1C[C@H]2[C@@H]3CC[C@@]([C@]3(C[C@@H]([C@@H]2[C@@]4(C1=CC(=O)C=C4)C)O)C)(C(=O)COC(=O)C)O,1
C[C@H]1C[C@H]2[C@@H]3CC[C@@]([C@]3(C[C@@H]([C@@H]2[C@@]4(C1=CC(=O)C=C4)C)O)C)(C(=O)COC(=O)CCC(=O)O)O,1
CN1CCN(CC1)C2CC3=CC=CC=C3SC4=C2C=C(C=C4)SC,1
CC(C1=CC=CC=C1)N2C=NC=C2C(=O)OC,1
CNCCCN1CC2=CC=CC=C2CC3=CC=CC=C31,1
C1CN(CCC1C(=O)C2=CC=C(C=C2)F)CCCN3C4=C(C=C(C=C4)Cl)NC3=O,1
CC1=C(C2=CC(=C(C=C2N1)OC)OC)CCN3CCN(CC3)C4=CC=CC=C4OC,1
[H+].CCN(CC)C(=O)[C@@]1(C[C@@H]1CN)C2=CC=CC=C2.[Cl-],1
CC1=C(C2=C(N1)C=C(C=C2)OC)C3CCN(CC3)CCCC(=O)C4=CC=C(C=C4)F,1
C1CN(CCC1N(C2=NC=CN=C2)C(=O)C3=CC=CO3)CCC4=CC=CC=C4,1
CC1=NC=CN=C1N2CCCCC2,1
C1=CC(=CC=C1CC/C(=C\F)/CN)F,1
CCC1=C(NC2=C1C(=O)C(CC2)CN3CCOCC3)C,1
CN(C)CC[C@@]1(CCC2=CC=CC=C2C1=O)C3=CC=CC=C3,1
CC1CN(CC2C1(OC3=C(C2)C4=CC=CC=C4C=C3)O)C,1
CC(C)(C)CC1(C(=O)NC(=O)NC1=O)CC=C,1
C1C(CN(C1=O)CC2=CC=CC=C2)CN,1
CN1CCOC(C2=CC=CC=C2C1)C3=CC=CC=C3,1
C[C@@H]1[C@@H](CCN1CC2=CC=CC=C2)NC(=O)C3=CC(=C(C=C3OC)NC)Cl,1
CC1=NN=C(C2=CC(=C(C=C2C1)OC)OC)C3=CC=C(C=C3)N,1
CN1CCC23C4C1CC5=C2C(=C(C=C5)OC)OC3C(CC4)OC(=O)C6=CN=CC=C6,1
C1CC2CCC1CN(C2)CCCC(=O)C3=CC=C(C=C3)F,1
COC1=C2C3=C(CC4C5C3(CCN4)C(O2)C(C=C5)O)C=C1,1
CCC(=O)C(CCN(C)C)(C1=CC=CC=C1)C2=CC=CC=C2,1
COCC(=O)N(C1CCN(CC1)CCC2=CC=CC=C2)C3=CC=CC=C3F,1
CC(=O)O.CN1CCC2=CC(=C(C=C2[C@H](C1)C3=CC=CC4=C3OCC4)O)Cl,1
CC1=CC2=C(S1)NC3=CC=CC=C3N=C2N4CCN(CC4)C,1
C1CN(CCN1CCCN2C3=CC=CC=C3C=CC4=CC=CC=C42)CCO,1
C1CCOC(C1)C(=O)N,1
C[C@@H]1CN2CC(=O)NC3=C([C@@]2(O1)C4=CC=CC=C4)C=C(C=C3)Cl,1
C1CC[C@]2([C@H]3CC4=C([C@]2(C1)CCN3CC5CC5)C=C(C=C4)O)O,1
CC(CN1C2=CC=CC=C2S(=O)(=O)C3=CC=CC=C31)CN(C)C,1
CC1=C(C2=CC(=C(C=C2N1)OC)OC)CCN3CCN(CC3)C4=CC=CC=C4,1
CN1CCCCC1CCN2C3=CC=CC=C3SC4=C2C=C(C=C4)OC,1
CCC1(C(=O)N(C(=O)O1)C)C,1
C[C@@H]1C[C@H]2[C@@H]3C[C@@H](C4=CC(=O)C=C[C@@]4([C@H]3[C@H](C[C@@]2([C@]1(C(=O)CO)O)C)O)C)F,1
CCC(=O)NC1=CC=C(C=C1)O,1
C1C(=O)N(C2=CC=CC=C2O1)CC(=O)N,1
C1=NC2=C(N1CCC(CO)CO)N=C(NC2=O)N,1
CC(C)CCNCC1COC2=CC=CC=C2O1,1
C1CCC2=NN=NN2CC1,1
C1CN(CCC1O)CCCN2C3=CC=CC=C3SC4=C2C=C(C=C4)C#N,1
CC(CN1CCC(CC1)O)CN2C3=CC=CC=C3SC4=C2C=C(C=C4)OC,1
CC(=O)OC(C1CCCCN1)C2=CC=CC=C2,1
CC(C)(C(C)(C1=CC=C(C=C1)Cl)O)O,1
C[C@H]1[C@@H](OCCN1C)C2=CC=CC=C2,1
C1=CC=C(C=C1)CCNN.Cl,1
CC(CC1=CC=CC=C1)NN,1
C1CCC23CCN(C(C2C1)CC4=C3C=C(C=C4)O)CCC5=CC=CC=C5,1
CN1CCC(=C2C3=CC=CC=C3SC4=CC=CC=C42)CC1,1
CCOC(=O)C1(CCN(CC1)CCCNC2=CC=CC=C2)C3=CC=CC=C3,1
C#CCN1C(=O)CN=C(C2=C1C=CC(=C2)Cl)C3=CC=CC=C3,1
CN(C)S(=O)(=O)C1=CC2=C(C=C1)SC3=CC=CC=C3N2CCCN4CCC(CC4)CCO,1
C1CCNC(C1)C(C2=CC=CC=C2)(C3=CC=CC=C3)O,1
C1CN(CCN1CC2=CC3=C(C=C2)OCO3)C4=NC=CC=N4,1
CN1CCC(=C2C3=C(CCC4=CC=CC=C42)SC=C3)CC1,1
CC(=O)OCC(=O)[C@]1(CC[C@@H]2[C@@]1(C[C@@H]([C@H]3[C@H]2CCC4=CC(=O)C=C[C@]34C)O)C)O,1
C[C@]12C[C@@H]([C@H]3[C@H]([C@@H]1CC[C@@]2(C(=O)COC(=O)CCC(=O)[O-])O)CCC4=CC(=O)C=C[C@]34C)O.[Na+],1
CCCCC(=O)OC1(CCC2C1(CC(C3C2CCC4=CC(=O)C=CC34C)O)C)C(=O)CO,1
CC1=C2C(=CN1C)NC(=O)CN=C2C3=CC=CC=C3,1
COC1=C(C=C(C=C1)C#N)C(=O)NCCN2CCC(CC2)C(=O)C3=CC=C(C=C3)F,1
CCC(=O)OCC(=O)[C@@]12[C@@H](CC3C1(CC([C@]4(C3C[C@@H](C5=CC(=O)C=CC54C)F)F)O)C)OC(O2)(C)C,1
CCCNC(=O)N1CC(OC1=O)C2=CC=CC=C2,1
CCCOC(=O)C1=CN=CN1C(C)C2=CC=CC=C2,1
CCCN1CCCC1CNC(=O)C2=C(C=CC(=C2)S(=O)(=O)N)OC,1
CN(C)CCCN1C2=CC=CC=C2SC3=C1N=CC=C3,1
CCC1(C(=O)C=CNC1=O)CC,1
CCCC(C(=O)C1=CC=C(C=C1)C)N2CCCC2,1
C1CN2CCC1C(C2)N3C4=CC=CC=C4CCC5=CC=CC=C53,1
CCOC1=CC=CC=C1O[C@H]([C@@H]2CNCCO2)C3=CC=CC=C3,1
CCN1CCC[C@H]1CNC(=O)C2=C(C=CC(=C2OC)Br)OC,1
CN1CCN(CC1)C2=CC3=C(C=CC(=C3)Cl)/C(=C\C#N)/C4=CC=CC=C42,1
[H+].C1=CC2=C(C=C1OC(F)(F)F)SC(=N2)N.[Cl-],1
COC(C(F)Br)(F)F,1
COC1=CC(=CC(=C1OC)OC)C(=O)/C=C/N2CC=CC2,1
C1CC(=O)N2C1CCC2=O,1
CC1=NC(=CC=C1)/C=N/N2CCN(CC2)C(C3=CC=CC=C3)C4=CC=CC=C4,1
CN(C1CCN(CC1)CC(COC2=CC=C(C=C2)F)O)C3=NC4=CC=CC=C4S3,1
C1=CC=C(C=C1)C(CCN)OC2=CC=C(C=C2)C(F)(F)F,1
CC1=C(C(=O)N2CCSC2=N1)CCN3CCC(CC3)C(=O)C4=CC=C(C=C4)F,1
CN1CCN(CC1)C2=NC=C(C(=N2)N)C3=C(C(=CC(=C3)Cl)Cl)Cl,1
C1CN(CCC12C(=O)NCN2C3=CC=CC=C3)CC4COC5=CC=CC=C5O4,1
CN1C(=S)CN=C(C2=C1C=CC(=C2)Cl)C3=CC=CC=C3,1
CCC(C)(S(=O)(=O)CC)S(=O)(=O)CC,1
CCN1CCCC1CNC(=O)C2=C(C=CC(=C2)S(=O)(=O)N)OC,1
C1CC(C(=O)NC1)N2C(=O)C3=CC=CC=C3S2(=O)=O,1
C1CCN2CC3C4=CC=CC=C4CCC5=C3C(=CC=C5)C2C1,1
CCC(C)C1(C(=O)NC(=O)NC1=O)CC=C,1
CN1CCN(CC1)C2=NC3=CSC=C3/C(=C/C#N)/C4=CSC=C42,1
C1COC(CN1)COC2=CC=CC=C2CC3=CC=CS3.C(=C\C(=O)O)\C(=O)O,1
CN1C(=O)CN=C(C2=C1C=CC(=C2)Cl)C3=CCCCC3,1
CCCC(CC)C1(C(=O)NC(=S)NC1=O)CC,1
CCN(CC)CCNC(=O)C1=C(C=CC(=C1)S(=O)(=O)C)OC,1
CCC(=O)O[C@@]1([C@@H](CC2[C@@]1(C[C@@H]([C@]3(C2C[C@@H](C4=CC(=O)C=CC43C)F)F)O)C)C)C(=O)SC,1
CN(C)CCCN1C2=C(C=CC3=CC=CC=C31)SC=C2,1
CCN1CCC2=C(C1)C3=C4C(=CSC4=C(C=C3N2)F)C,1
CCNC1(CCCCC1=O)C2=CC=CS2,1
CC1CC2C3CCC4=CC(=O)C=CC4(C3(C(CC2(C1(C(=O)SC)O)C)O)F)C,1
CC1=CC(=CC=C1)N2CC(OC2=O)CO,1
CC1=CC=CC=C1O[C@H](CCNC)C2=CC=CC=C2,1
CC1=CC=CC=C1N2CCN(CC2)CCCOC3=CC=CC=N3,1
CN1CCC2=CC(=C(C=C2[C@H](C1)C3=CC=CC=C3)OC)OC,1
C[C@]12C[C@@H]([C@]3([C@H]([C@@H]1C[C@@H]4[C@]2(OC(O4)(C)C)C(=O)CO)CCC5=CC(=O)C=C[C@@]53C)F)O,1
CC(=O)OCC(=O)[C@]1([C@@H](C[C@@H]2[C@@]1(C[C@@H]([C@]3([C@H]2CCC4=CC(=O)C=C[C@@]43C)F)O)C)OC(=O)C)O,1
C[C@]12C[C@@H]([C@]3([C@H]([C@@H]1C[C@@H]4[C@]2(OC(O4)(C)C)C(=O)COC(=O)CC(C)(C)C)CCC5=CC(=O)C=C[C@@]53C)F)O,1
C1=CC(=CC=C1NC(=O)C(Cl)(Cl)Cl)O,1
CN1C(=O)CC(=O)N(C2=C1C=CC(=C2)C(F)(F)F)C3=CC=CC=C3,1
CC(CN1C2=CC=CC=C2SC3=C1C=C(C=C3)C(F)(F)F)CN(C)C,1
CC1(C(=O)N(C(=O)O1)C)C,1
COC1=CC=CC(=C1OC)C(=O)NC2C[C@H]3CC[C@@H](C2)N3CC4=CC=CC=C4,1
CN1C2=CC=CC=C2C(=NCC1(CO)Cl)C3=CC=CC=C3Cl,1
CC1CC2C3CC(C4=CC(=O)C=CC4(C3(C(CC2(C1(C(=O)CCl)O)C)O)F)C)F,1
CCC(CC)(CC=C)C(=O)N,1
CCC(C)C(CC)C(=O)N,1
C[C@@H]1[C@H]2C[C@@H]([C@@]3([C@H]2[C@@H](O[C@H]1O3)OC)CN4CCCCC4)O,1
CCCC(CCC)C(=O)N,1
CC/C=C(\C)/C1(C(=O)NC(=O)NC1=O)CC,1
CCCC(C)C1(C(=O)NC(=O)NC1=O)C=C,1
COC1=CC2=C(C=CN=C2C=C1)CCCC3CCNCC3C=C,1
CCN(C1=CC=CC(=C1)C2=CC=NC3=C(C=NN23)C#N)C(=O)C,1
[N-]=[N+]=O,1
C[S+](CC[C@@H](C(=O)[O-])N)C[C@@H]1[C@H]([C@H]([C@@H](O1)N2C=NC3=C(N=CN=C32)N)O)O,1
CC(CC1=CC=CC=C1)[N+]2=NOC(=C2)N=C(NC3=CC=CC=C3)[O-],1
CCC1=C([N+](=C(C2=CC(=C(C=C21)OC)OC)C3=CC(=C(C=C3)OC)OC)[NH-])C,1
C1=CC(=CC=C1[C@H]([C@@H](CO)NC(=O)CN=[N+]=[N-])O)[N+](=O)[O-],1
